site,country,product,ftw_year,landsat_year,temporal_category,evaluation_scope,track,boundary_tolerance_m,n_left,n_ftw,n_corresponding,ftw_polygons_split_across_left,left_polygons_merging_ftw,split_merge_overlap_fraction_min,left_invalid_geometries_repaired_in_memory,ftw_invalid_geometries_repaired_in_memory,left_correspondence_fraction,ftw_correspondence_fraction,correspondence_f1,matched_iou,left_boundary_near_ftw,ftw_boundary_near_left,symmetric_boundary_agreement_f1,left_fragmentation_relative_to_ftw,left_merging_relative_to_ftw,ftw_fragmentation_relative_to_left,ftw_merging_relative_to_left,count_difference_left_minus_ftw,area_difference_ha_left_minus_ftw,interpretation,benchmark_spatial_category
fr_camargue_2024,France,pan,2024,2024,same_nominal_year_geometry_uncertain,whole_aoi,prediction_agreement,10,82,67,36,18,25,0.1,0,0,0.4390243902439024,0.5373134328358209,0.4832214765100671,0.6515398680440296,0.4377088096564415,0.383422988357421,0.4087714548012403,0.2071299652815022,0.4042487879831578,0.4661219231403332,0.3303571582358794,15,149.40337165240507,"Product correspondence, not reference-based accuracy",no_reference_overlap_with_published_v1_training_footprints
fr_camargue_2024,France,pan,2024,2024,same_nominal_year_geometry_uncertain,whole_aoi,prediction_agreement,15,82,67,36,18,25,0.1,0,0,0.4390243902439024,0.5373134328358209,0.4832214765100671,0.6515398680440296,0.5450846599698703,0.5022546530859355,0.5227939090663061,0.2071299652815022,0.4042487879831578,0.4661219231403332,0.3303571582358794,15,149.40337165240507,"Product correspondence, not reference-based accuracy",no_reference_overlap_with_published_v1_training_footprints
fr_camargue_2024,France,pan,2024,2024,same_nominal_year_geometry_uncertain,whole_aoi,prediction_agreement,30,82,67,36,18,25,0.1,0,0,0.4390243902439024,0.5373134328358209,0.4832214765100671,0.6515398680440296,0.73433928354005,0.7142755034913096,0.7241684486169226,0.2071299652815022,0.4042487879831578,0.4661219231403332,0.3303571582358794,15,149.40337165240507,"Product correspondence, not reference-based accuracy",no_reference_overlap_with_published_v1_training_footprints
fr_camargue_2024,France,pan,2024,2024,same_nominal_year_geometry_uncertain,reference_coverage,prediction_agreement,10,70,63,34,18,25,0.1,0,0,0.4857142857142857,0.5396825396825397,0.5112781954887218,0.6553236672793011,0.474071191605971,0.3425889387465106,0.3977457460853006,0.1968029800097604,0.3918471540890281,0.3983384227506204,0.2971167167847056,7,109.99633704940352,"Product correspondence, not reference-based accuracy",no_reference_overlap_with_published_v1_training_footprints
fr_camargue_2024,France,pan,2024,2024,same_nominal_year_geometry_uncertain,reference_coverage,prediction_agreement,15,70,63,34,18,25,0.1,0,0,0.4857142857142857,0.5396825396825397,0.5112781954887218,0.6553236672793011,0.5815398296963271,0.4462725101101513,0.5050051054582094,0.1968029800097604,0.3918471540890281,0.3983384227506204,0.2971167167847056,7,109.99633704940352,"Product correspondence, not reference-based accuracy",no_reference_overlap_with_published_v1_training_footprints
fr_camargue_2024,France,pan,2024,2024,same_nominal_year_geometry_uncertain,reference_coverage,prediction_agreement,30,70,63,34,18,25,0.1,0,0,0.4857142857142857,0.5396825396825397,0.5112781954887218,0.6553236672793011,0.7762643021772112,0.6473208275149515,0.7059529352688984,0.1968029800097604,0.3918471540890281,0.3983384227506204,0.2971167167847056,7,109.99633704940352,"Product correspondence, not reference-based accuracy",no_reference_overlap_with_published_v1_training_footprints
fr_camargue_2024,France,sr,2024,2024,same_nominal_year_geometry_uncertain,whole_aoi,prediction_agreement,10,33,67,9,10,22,0.1,0,0,0.2727272727272727,0.1343283582089552,0.18,0.5711145170229823,0.2780525855357307,0.1995323866446189,0.2323376958506994,0.4577403223758562,0.6614242731671377,0.5306174443988485,0.35352934121422,-34,768.8754162826924,"Product correspondence, not reference-based accuracy",no_reference_overlap_with_published_v1_training_footprints
fr_camargue_2024,France,sr,2024,2024,same_nominal_year_geometry_uncertain,whole_aoi,prediction_agreement,15,33,67,9,10,22,0.1,0,0,0.2727272727272727,0.1343283582089552,0.18,0.5711145170229823,0.3531535109460397,0.2886855551616105,0.3176818699522105,0.4577403223758562,0.6614242731671377,0.5306174443988485,0.35352934121422,-34,768.8754162826924,"Product correspondence, not reference-based accuracy",no_reference_overlap_with_published_v1_training_footprints
fr_camargue_2024,France,sr,2024,2024,same_nominal_year_geometry_uncertain,whole_aoi,prediction_agreement,30,33,67,9,10,22,0.1,0,0,0.2727272727272727,0.1343283582089552,0.18,0.5711145170229823,0.5232403797894516,0.4919601054089774,0.5071183399703332,0.4577403223758562,0.6614242731671377,0.5306174443988485,0.35352934121422,-34,768.8754162826924,"Product correspondence, not reference-based accuracy",no_reference_overlap_with_published_v1_training_footprints
fr_camargue_2024,France,sr,2024,2024,same_nominal_year_geometry_uncertain,reference_coverage,prediction_agreement,10,30,63,9,10,22,0.1,0,0,0.3,0.1428571428571428,0.1935483870967741,0.5711145170229823,0.3837581102614426,0.1733868054518449,0.2388556044499915,0.4453665308405589,0.6445028684751867,0.4963601743322046,0.3109496304731466,-33,-25.553347573596334,"Product correspondence, not reference-based accuracy",no_reference_overlap_with_published_v1_training_footprints
fr_camargue_2024,France,sr,2024,2024,same_nominal_year_geometry_uncertain,reference_coverage,prediction_agreement,15,30,63,9,10,22,0.1,0,0,0.3,0.1428571428571428,0.1935483870967741,0.5711145170229823,0.4758783097331411,0.2452443055458351,0.323679893327657,0.4453665308405589,0.6445028684751867,0.4963601743322046,0.3109496304731466,-33,-25.553347573596334,"Product correspondence, not reference-based accuracy",no_reference_overlap_with_published_v1_training_footprints
fr_camargue_2024,France,sr,2024,2024,same_nominal_year_geometry_uncertain,reference_coverage,prediction_agreement,30,30,63,9,10,22,0.1,0,0,0.3,0.1428571428571428,0.1935483870967741,0.5711145170229823,0.7129152353355055,0.433418130498291,0.5390934220572334,0.4453665308405589,0.6445028684751867,0.4963601743322046,0.3109496304731466,-33,-25.553347573596334,"Product correspondence, not reference-based accuracy",no_reference_overlap_with_published_v1_training_footprints
fr_camargue_2024,France,combined,2024,2024,same_nominal_year_geometry_uncertain,whole_aoi,prediction_agreement,10,58,67,26,12,24,0.1,0,0,0.4482758620689655,0.3880597014925373,0.416,0.6612488777281096,0.3300476706904784,0.2923837380363315,0.3100761636822255,0.2570181948846867,0.5192492057179786,0.4874984415985891,0.296070507432541,-9,1181.8882332465444,"Product correspondence, not reference-based accuracy",no_reference_overlap_with_published_v1_training_footprints
fr_camargue_2024,France,combined,2024,2024,same_nominal_year_geometry_uncertain,whole_aoi,prediction_agreement,15,58,67,26,12,24,0.1,0,0,0.4482758620689655,0.3880597014925373,0.416,0.6612488777281096,0.4287957865342937,0.393316030055262,0.4102903110278309,0.2570181948846867,0.5192492057179786,0.4874984415985891,0.296070507432541,-9,1181.8882332465444,"Product correspondence, not reference-based accuracy",no_reference_overlap_with_published_v1_training_footprints
fr_camargue_2024,France,combined,2024,2024,same_nominal_year_geometry_uncertain,whole_aoi,prediction_agreement,30,58,67,26,12,24,0.1,0,0,0.4482758620689655,0.3880597014925373,0.416,0.6612488777281096,0.6156062184575958,0.6084015611574068,0.611982686066938,0.2570181948846867,0.5192492057179786,0.4874984415985891,0.296070507432541,-9,1181.8882332465444,"Product correspondence, not reference-based accuracy",no_reference_overlap_with_published_v1_training_footprints
fr_camargue_2024,France,combined,2024,2024,same_nominal_year_geometry_uncertain,reference_coverage,prediction_agreement,10,49,63,25,11,24,0.1,0,0,0.5102040816326531,0.3968253968253968,0.4464285714285714,0.661138250412914,0.4260094654048157,0.255308079231369,0.3192744974884343,0.2266313510401953,0.5082816915374432,0.4209851006751643,0.2155067890023856,-14,89.1527388518136,"Product correspondence, not reference-based accuracy",no_reference_overlap_with_published_v1_training_footprints
fr_camargue_2024,France,combined,2024,2024,same_nominal_year_geometry_uncertain,reference_coverage,prediction_agreement,15,49,63,25,11,24,0.1,0,0,0.5102040816326531,0.3968253968253968,0.4464285714285714,0.661138250412914,0.5445562397573868,0.3446628251209233,0.4221418533299057,0.2266313510401953,0.5082816915374432,0.4209851006751643,0.2155067890023856,-14,89.1527388518136,"Product correspondence, not reference-based accuracy",no_reference_overlap_with_published_v1_training_footprints
fr_camargue_2024,France,combined,2024,2024,same_nominal_year_geometry_uncertain,reference_coverage,prediction_agreement,30,49,63,25,11,24,0.1,0,0,0.5102040816326531,0.3968253968253968,0.4464285714285714,0.661138250412914,0.7853059058451667,0.5452843683355312,0.6436467230043665,0.2266313510401953,0.5082816915374432,0.4209851006751643,0.2155067890023856,-14,89.1527388518136,"Product correspondence, not reference-based accuracy",no_reference_overlap_with_published_v1_training_footprints
fr_camargue_2024,France,false_color,2024,2024,same_nominal_year_geometry_uncertain,whole_aoi,prediction_agreement,10,38,67,13,10,23,0.1,0,0,0.3421052631578947,0.1940298507462686,0.2476190476190476,0.577060803438023,0.329282695496734,0.1958896113937678,0.2456453183583286,0.3630502291518034,0.6729312387281791,0.5647374515268442,0.3073445224899142,-29,45.43367965424764,"Product correspondence, not reference-based accuracy",no_reference_overlap_with_published_v1_training_footprints
fr_camargue_2024,France,false_color,2024,2024,same_nominal_year_geometry_uncertain,whole_aoi,prediction_agreement,15,38,67,13,10,23,0.1,0,0,0.3421052631578947,0.1940298507462686,0.2476190476190476,0.577060803438023,0.4383165990146788,0.2875239829486565,0.3472567874348355,0.3630502291518034,0.6729312387281791,0.5647374515268442,0.3073445224899142,-29,45.43367965424764,"Product correspondence, not reference-based accuracy",no_reference_overlap_with_published_v1_training_footprints
fr_camargue_2024,France,false_color,2024,2024,same_nominal_year_geometry_uncertain,whole_aoi,prediction_agreement,30,38,67,13,10,23,0.1,0,0,0.3421052631578947,0.1940298507462686,0.2476190476190476,0.577060803438023,0.6601322933299758,0.4950066728205608,0.5657672361822023,0.3630502291518034,0.6729312387281791,0.5647374515268442,0.3073445224899142,-29,45.43367965424764,"Product correspondence, not reference-based accuracy",no_reference_overlap_with_published_v1_training_footprints
fr_camargue_2024,France,false_color,2024,2024,same_nominal_year_geometry_uncertain,reference_coverage,prediction_agreement,10,34,63,13,9,21,0.1,0,0,0.3823529411764705,0.2063492063492063,0.268041237113402,0.577060803438023,0.3245034068242771,0.1816124425375384,0.2328868238345899,0.3818068654853548,0.6623566822911995,0.5369813596640981,0.3030902053317763,-29,30.359162307448127,"Product correspondence, not reference-based accuracy",no_reference_overlap_with_published_v1_training_footprints
fr_camargue_2024,France,false_color,2024,2024,same_nominal_year_geometry_uncertain,reference_coverage,prediction_agreement,15,34,63,13,9,21,0.1,0,0,0.3823529411764705,0.2063492063492063,0.268041237113402,0.577060803438023,0.4313658243621392,0.2637938526107116,0.3273827768279154,0.3818068654853548,0.6623566822911995,0.5369813596640981,0.3030902053317763,-29,30.359162307448127,"Product correspondence, not reference-based accuracy",no_reference_overlap_with_published_v1_training_footprints
fr_camargue_2024,France,false_color,2024,2024,same_nominal_year_geometry_uncertain,reference_coverage,prediction_agreement,30,34,63,13,9,21,0.1,0,0,0.3823529411764705,0.2063492063492063,0.268041237113402,0.577060803438023,0.6555413640218981,0.4575987345725437,0.5389706093871871,0.3818068654853548,0.6623566822911995,0.5369813596640981,0.3030902053317763,-29,30.359162307448127,"Product correspondence, not reference-based accuracy",no_reference_overlap_with_published_v1_training_footprints
fr_camargue_2024,France,false_color_15m,2024,2024,same_nominal_year_geometry_uncertain,whole_aoi,prediction_agreement,10,66,67,25,17,19,0.1,0,0,0.3787878787878788,0.373134328358209,0.3759398496240601,0.6319943190916983,0.3952579981480651,0.2728220077282977,0.3228208588100726,0.4354031782085334,0.4640177560797289,0.4306388230723116,0.3711632357936499,-1,-24.00715115861497,"Product correspondence, not reference-based accuracy",no_reference_overlap_with_published_v1_training_footprints
fr_camargue_2024,France,false_color_15m,2024,2024,same_nominal_year_geometry_uncertain,whole_aoi,prediction_agreement,15,66,67,25,17,19,0.1,0,0,0.3787878787878788,0.373134328358209,0.3759398496240601,0.6319943190916983,0.521608587487842,0.3848176024527367,0.4428913645334729,0.4354031782085334,0.4640177560797289,0.4306388230723116,0.3711632357936499,-1,-24.00715115861497,"Product correspondence, not reference-based accuracy",no_reference_overlap_with_published_v1_training_footprints
fr_camargue_2024,France,false_color_15m,2024,2024,same_nominal_year_geometry_uncertain,whole_aoi,prediction_agreement,30,66,67,25,17,19,0.1,0,0,0.3787878787878788,0.373134328358209,0.3759398496240601,0.6319943190916983,0.7634723691740554,0.6336143802508184,0.6925082815823469,0.4354031782085334,0.4640177560797289,0.4306388230723116,0.3711632357936499,-1,-24.00715115861497,"Product correspondence, not reference-based accuracy",no_reference_overlap_with_published_v1_training_footprints
fr_camargue_2024,France,false_color_15m,2024,2024,same_nominal_year_geometry_uncertain,reference_coverage,prediction_agreement,10,53,63,24,16,18,0.1,0,0,0.4528301886792453,0.3809523809523809,0.4137931034482758,0.6291533224629117,0.4114375008701403,0.2509019415667284,0.3117146924600378,0.4338897204564582,0.4526672556284619,0.320390602210073,0.3641005649030993,-10,-44.55136665626457,"Product correspondence, not reference-based accuracy",no_reference_overlap_with_published_v1_training_footprints
fr_camargue_2024,France,false_color_15m,2024,2024,same_nominal_year_geometry_uncertain,reference_coverage,prediction_agreement,15,53,63,24,16,18,0.1,0,0,0.4528301886792453,0.3809523809523809,0.4137931034482758,0.6291533224629117,0.5415504323795705,0.3560657293109404,0.4296436670675096,0.4338897204564582,0.4526672556284619,0.320390602210073,0.3641005649030993,-10,-44.55136665626457,"Product correspondence, not reference-based accuracy",no_reference_overlap_with_published_v1_training_footprints
fr_camargue_2024,France,false_color_15m,2024,2024,same_nominal_year_geometry_uncertain,reference_coverage,prediction_agreement,30,53,63,24,16,18,0.1,0,0,0.4528301886792453,0.3809523809523809,0.4137931034482758,0.6291533224629117,0.8336523600784351,0.61069405265482,0.7049645899256687,0.4338897204564582,0.4526672556284619,0.320390602210073,0.3641005649030993,-10,-44.55136665626457,"Product correspondence, not reference-based accuracy",no_reference_overlap_with_published_v1_training_footprints
fr_camargue_2024,France,pan_nir_red,2024,2024,same_nominal_year_geometry_uncertain,whole_aoi,prediction_agreement,10,93,67,31,25,21,0.1,0,0,0.3333333333333333,0.4626865671641791,0.3875,0.6462752272322659,0.3760670283492294,0.3492175891101733,0.3621453366651504,0.2936437057670229,0.3904742722830024,0.432456559637072,0.4291708259128332,26,73.68227316257362,"Product correspondence, not reference-based accuracy",no_reference_overlap_with_published_v1_training_footprints
fr_camargue_2024,France,pan_nir_red,2024,2024,same_nominal_year_geometry_uncertain,whole_aoi,prediction_agreement,15,93,67,31,25,21,0.1,0,0,0.3333333333333333,0.4626865671641791,0.3875,0.6462752272322659,0.4969548436977662,0.4870131861560399,0.4919337914685801,0.2936437057670229,0.3904742722830024,0.432456559637072,0.4291708259128332,26,73.68227316257362,"Product correspondence, not reference-based accuracy",no_reference_overlap_with_published_v1_training_footprints
fr_camargue_2024,France,pan_nir_red,2024,2024,same_nominal_year_geometry_uncertain,whole_aoi,prediction_agreement,30,93,67,31,25,21,0.1,0,0,0.3333333333333333,0.4626865671641791,0.3875,0.6462752272322659,0.7400111386082372,0.7550971431941241,0.7474780301815974,0.2936437057670229,0.3904742722830024,0.432456559637072,0.4291708259128332,26,73.68227316257362,"Product correspondence, not reference-based accuracy",no_reference_overlap_with_published_v1_training_footprints
fr_camargue_2024,France,pan_nir_red,2024,2024,same_nominal_year_geometry_uncertain,reference_coverage,prediction_agreement,10,77,63,30,23,20,0.1,0,0,0.3896103896103896,0.4761904761904761,0.4285714285714285,0.6475473867980449,0.401983037661963,0.3270557190262437,0.3606690322366881,0.2921908013547956,0.3731181087039527,0.3424721447875585,0.4117990715311521,14,35.716097034685546,"Product correspondence, not reference-based accuracy",no_reference_overlap_with_published_v1_training_footprints
fr_camargue_2024,France,pan_nir_red,2024,2024,same_nominal_year_geometry_uncertain,reference_coverage,prediction_agreement,15,77,63,30,23,20,0.1,0,0,0.3896103896103896,0.4761904761904761,0.4285714285714285,0.6475473867980449,0.5231438370538224,0.4526766147780042,0.4853658903232601,0.2921908013547956,0.3731181087039527,0.3424721447875585,0.4117990715311521,14,35.716097034685546,"Product correspondence, not reference-based accuracy",no_reference_overlap_with_published_v1_training_footprints
fr_camargue_2024,France,pan_nir_red,2024,2024,same_nominal_year_geometry_uncertain,reference_coverage,prediction_agreement,30,77,63,30,23,20,0.1,0,0,0.3896103896103896,0.4761904761904761,0.4285714285714285,0.6475473867980449,0.7994959049630208,0.709396427962957,0.7517561416088155,0.2921908013547956,0.3731181087039527,0.3424721447875585,0.4117990715311521,14,35.716097034685546,"Product correspondence, not reference-based accuracy",no_reference_overlap_with_published_v1_training_footprints
fr_camargue_2024,France,coarse_pan_nir_red,2024,2024,same_nominal_year_geometry_uncertain,whole_aoi,prediction_agreement,10,50,67,16,15,15,0.1,0,0,0.32,0.2388059701492537,0.2735042735042735,0.6350940544033755,0.3477704294273608,0.2450336536639175,0.2874995682029894,0.4727494084612654,0.5301390199695175,0.4251998282422699,0.3511295819958012,-17,624.0326454728822,"Product correspondence, not reference-based accuracy",no_reference_overlap_with_published_v1_training_footprints
fr_camargue_2024,France,coarse_pan_nir_red,2024,2024,same_nominal_year_geometry_uncertain,whole_aoi,prediction_agreement,15,50,67,16,15,15,0.1,0,0,0.32,0.2388059701492537,0.2735042735042735,0.6350940544033755,0.4497993425054624,0.3374264337449395,0.3855925266201147,0.4727494084612654,0.5301390199695175,0.4251998282422699,0.3511295819958012,-17,624.0326454728822,"Product correspondence, not reference-based accuracy",no_reference_overlap_with_published_v1_training_footprints
fr_camargue_2024,France,coarse_pan_nir_red,2024,2024,same_nominal_year_geometry_uncertain,whole_aoi,prediction_agreement,30,50,67,16,15,15,0.1,0,0,0.32,0.2388059701492537,0.2735042735042735,0.6350940544033755,0.6424027957902521,0.5484982973985995,0.591748284975631,0.4727494084612654,0.5301390199695175,0.4251998282422699,0.3511295819958012,-17,624.0326454728822,"Product correspondence, not reference-based accuracy",no_reference_overlap_with_published_v1_training_footprints
fr_camargue_2024,France,coarse_pan_nir_red,2024,2024,same_nominal_year_geometry_uncertain,reference_coverage,prediction_agreement,10,38,63,14,11,13,0.1,0,0,0.3684210526315789,0.2222222222222222,0.2772277227722772,0.6379764791041234,0.466249169486165,0.2305925831627972,0.3085739336962038,0.5069063757178386,0.4885417140349616,0.2876558757768223,0.355283877658543,-25,-80.18322645541271,"Product correspondence, not reference-based accuracy",no_reference_overlap_with_published_v1_training_footprints
fr_camargue_2024,France,coarse_pan_nir_red,2024,2024,same_nominal_year_geometry_uncertain,reference_coverage,prediction_agreement,15,38,63,14,11,13,0.1,0,0,0.3684210526315789,0.2222222222222222,0.2772277227722772,0.6379764791041234,0.5918925785528795,0.3128456650885303,0.4093361338480851,0.5069063757178386,0.4885417140349616,0.2876558757768223,0.355283877658543,-25,-80.18322645541271,"Product correspondence, not reference-based accuracy",no_reference_overlap_with_published_v1_training_footprints
fr_camargue_2024,France,coarse_pan_nir_red,2024,2024,same_nominal_year_geometry_uncertain,reference_coverage,prediction_agreement,30,38,63,14,11,13,0.1,0,0,0.3684210526315789,0.2222222222222222,0.2772277227722772,0.6379764791041234,0.8726894462210893,0.5086276746134424,0.6426822588327237,0.5069063757178386,0.4885417140349616,0.2876558757768223,0.355283877658543,-25,-80.18322645541271,"Product correspondence, not reference-based accuracy",no_reference_overlap_with_published_v1_training_footprints
fr_camargue_2024,France,hybrid,2024,2024,same_nominal_year_geometry_uncertain,whole_aoi,prediction_agreement,10,97,67,33,17,17,0.1,0,0,0.3402061855670103,0.4925373134328358,0.4024390243902439,0.6470086214130789,0.3626923549012885,0.3514922021955992,0.3570044557165271,0.2452996486105453,0.391136995466663,0.5024821159829124,0.3824737478720922,30,121.19908965664608,"Product correspondence, not reference-based accuracy",no_reference_overlap_with_published_v1_training_footprints
fr_camargue_2024,France,hybrid,2024,2024,same_nominal_year_geometry_uncertain,whole_aoi,prediction_agreement,15,97,67,33,17,17,0.1,0,0,0.3402061855670103,0.4925373134328358,0.4024390243902439,0.6470086214130789,0.4772166025819122,0.4819582784150316,0.4795757202740625,0.2452996486105453,0.391136995466663,0.5024821159829124,0.3824737478720922,30,121.19908965664608,"Product correspondence, not reference-based accuracy",no_reference_overlap_with_published_v1_training_footprints
fr_camargue_2024,France,hybrid,2024,2024,same_nominal_year_geometry_uncertain,whole_aoi,prediction_agreement,30,97,67,33,17,17,0.1,0,0,0.3402061855670103,0.4925373134328358,0.4024390243902439,0.6470086214130789,0.6884306068392075,0.7380676636478886,0.7123855388902953,0.2452996486105453,0.391136995466663,0.5024821159829124,0.3824737478720922,30,121.19908965664608,"Product correspondence, not reference-based accuracy",no_reference_overlap_with_published_v1_training_footprints
fr_camargue_2024,France,hybrid,2024,2024,same_nominal_year_geometry_uncertain,reference_coverage,prediction_agreement,10,74,63,31,16,17,0.1,0,0,0.4189189189189189,0.492063492063492,0.4525547445255474,0.6512296417420419,0.412952042482076,0.3269545264438792,0.3649556448451301,0.2509423928068444,0.3853774833989146,0.3828342962311836,0.3704997187502425,11,62.00690589865409,"Product correspondence, not reference-based accuracy",no_reference_overlap_with_published_v1_training_footprints
fr_camargue_2024,France,hybrid,2024,2024,same_nominal_year_geometry_uncertain,reference_coverage,prediction_agreement,15,74,63,31,16,17,0.1,0,0,0.4189189189189189,0.492063492063492,0.4525547445255474,0.6512296417420419,0.5350334243465029,0.4466216932079079,0.4868462041939396,0.2509423928068444,0.3853774833989146,0.3828342962311836,0.3704997187502425,11,62.00690589865409,"Product correspondence, not reference-based accuracy",no_reference_overlap_with_published_v1_training_footprints
fr_camargue_2024,France,hybrid,2024,2024,same_nominal_year_geometry_uncertain,reference_coverage,prediction_agreement,30,74,63,31,16,17,0.1,0,0,0.4189189189189189,0.492063492063492,0.4525547445255474,0.6512296417420419,0.7862647795442065,0.7006760917805077,0.7410071825450406,0.2509423928068444,0.3853774833989146,0.3828342962311836,0.3704997187502425,11,62.00690589865409,"Product correspondence, not reference-based accuracy",no_reference_overlap_with_published_v1_training_footprints
fr_bordeaux_2024,France,pan,2024,2024,same_nominal_year_geometry_uncertain,whole_aoi,prediction_agreement,10,154,86,19,25,27,0.1,0,0,0.1233766233766233,0.2209302325581395,0.1583333333333333,0.6232728089611649,0.3017064219831855,0.3676055672571823,0.3314118443452336,0.3522764635490253,0.5655440348494,0.5718663303776282,0.5733347694246614,68,147.99412307044472,"Product correspondence, not reference-based accuracy",no_reference_overlap_with_published_v1_training_footprints
fr_bordeaux_2024,France,pan,2024,2024,same_nominal_year_geometry_uncertain,whole_aoi,prediction_agreement,15,154,86,19,25,27,0.1,0,0,0.1233766233766233,0.2209302325581395,0.1583333333333333,0.6232728089611649,0.403072349862326,0.5041285886945869,0.4479719679327857,0.3522764635490253,0.5655440348494,0.5718663303776282,0.5733347694246614,68,147.99412307044472,"Product correspondence, not reference-based accuracy",no_reference_overlap_with_published_v1_training_footprints
fr_bordeaux_2024,France,pan,2024,2024,same_nominal_year_geometry_uncertain,whole_aoi,prediction_agreement,30,154,86,19,25,27,0.1,0,0,0.1233766233766233,0.2209302325581395,0.1583333333333333,0.6232728089611649,0.5799234387899899,0.7355924883050012,0.648547564616629,0.3522764635490253,0.5655440348494,0.5718663303776282,0.5733347694246614,68,147.99412307044472,"Product correspondence, not reference-based accuracy",no_reference_overlap_with_published_v1_training_footprints
fr_bordeaux_2024,France,pan,2024,2024,same_nominal_year_geometry_uncertain,reference_coverage,prediction_agreement,10,71,44,11,12,11,0.1,0,0,0.1549295774647887,0.25,0.1913043478260869,0.618260282267962,0.2910995617691191,0.3414125791388067,0.31425500236916,0.4234220823390116,0.5469584806278331,0.5509918936489634,0.5896917750778985,27,56.357096235641976,"Product correspondence, not reference-based accuracy",no_reference_overlap_with_published_v1_training_footprints
fr_bordeaux_2024,France,pan,2024,2024,same_nominal_year_geometry_uncertain,reference_coverage,prediction_agreement,15,71,44,11,12,11,0.1,0,0,0.1549295774647887,0.25,0.1913043478260869,0.618260282267962,0.3957847625025424,0.4751045622500731,0.4318324751252035,0.4234220823390116,0.5469584806278331,0.5509918936489634,0.5896917750778985,27,56.357096235641976,"Product correspondence, not reference-based accuracy",no_reference_overlap_with_published_v1_training_footprints
fr_bordeaux_2024,France,pan,2024,2024,same_nominal_year_geometry_uncertain,reference_coverage,prediction_agreement,30,71,44,11,12,11,0.1,0,0,0.1549295774647887,0.25,0.1913043478260869,0.618260282267962,0.5714478528015706,0.6934214147666642,0.6265535715273612,0.4234220823390116,0.5469584806278331,0.5509918936489634,0.5896917750778985,27,56.357096235641976,"Product correspondence, not reference-based accuracy",no_reference_overlap_with_published_v1_training_footprints
fr_bordeaux_2024,France,sr,2024,2024,same_nominal_year_geometry_uncertain,whole_aoi,prediction_agreement,10,10,86,2,0,3,0.1,0,0,0.2,0.0232558139534883,0.0416666666666666,0.5634693863845706,0.1124580373944886,0.0348151504740147,0.0531698070852832,0.8448254034022461,0.8394025551345484,0.6567080169172987,0.3596460816471375,-76,33.879948633547684,"Product correspondence, not reference-based accuracy",no_reference_overlap_with_published_v1_training_footprints
fr_bordeaux_2024,France,sr,2024,2024,same_nominal_year_geometry_uncertain,whole_aoi,prediction_agreement,15,10,86,2,0,3,0.1,0,0,0.2,0.0232558139534883,0.0416666666666666,0.5634693863845706,0.1808102149268776,0.0600704235516838,0.090180317203827,0.8448254034022461,0.8394025551345484,0.6567080169172987,0.3596460816471375,-76,33.879948633547684,"Product correspondence, not reference-based accuracy",no_reference_overlap_with_published_v1_training_footprints
fr_bordeaux_2024,France,sr,2024,2024,same_nominal_year_geometry_uncertain,whole_aoi,prediction_agreement,30,10,86,2,0,3,0.1,0,0,0.2,0.0232558139534883,0.0416666666666666,0.5634693863845706,0.3179763640815872,0.1189006804608044,0.1730812205953962,0.8448254034022461,0.8394025551345484,0.6567080169172987,0.3596460816471375,-76,33.879948633547684,"Product correspondence, not reference-based accuracy",no_reference_overlap_with_published_v1_training_footprints
fr_bordeaux_2024,France,sr,2024,2024,same_nominal_year_geometry_uncertain,reference_coverage,prediction_agreement,10,4,44,1,0,1,0.1,0,0,0.25,0.0227272727272727,0.0416666666666666,0.6185243877393708,0.2525419725688358,0.0289664507530374,0.0519717635811271,0.8574097481253001,0.8264592108039058,0.6003699431349401,0.0958011876071904,-40,-108.90927838591192,"Product correspondence, not reference-based accuracy",no_reference_overlap_with_published_v1_training_footprints
fr_bordeaux_2024,France,sr,2024,2024,same_nominal_year_geometry_uncertain,reference_coverage,prediction_agreement,15,4,44,1,0,1,0.1,0,0,0.25,0.0227272727272727,0.0416666666666666,0.6185243877393708,0.4090606105063453,0.0509491616644261,0.0906124018926261,0.8574097481253001,0.8264592108039058,0.6003699431349401,0.0958011876071904,-40,-108.90927838591192,"Product correspondence, not reference-based accuracy",no_reference_overlap_with_published_v1_training_footprints
fr_bordeaux_2024,France,sr,2024,2024,same_nominal_year_geometry_uncertain,reference_coverage,prediction_agreement,30,4,44,1,0,1,0.1,0,0,0.25,0.0227272727272727,0.0416666666666666,0.6185243877393708,0.6311834818571812,0.0914219730471828,0.1597110535895726,0.8574097481253001,0.8264592108039058,0.6003699431349401,0.0958011876071904,-40,-108.90927838591192,"Product correspondence, not reference-based accuracy",no_reference_overlap_with_published_v1_training_footprints
fr_bordeaux_2024,France,combined,2024,2024,same_nominal_year_geometry_uncertain,whole_aoi,prediction_agreement,10,75,86,13,11,15,0.1,0,0,0.1733333333333333,0.1511627906976744,0.1614906832298136,0.6577478047239814,0.3198429828293989,0.2791634179600796,0.298121890448989,0.6073934770351342,0.6381078366970107,0.520016180886736,0.5880569588650859,-11,170.10631985140563,"Product correspondence, not reference-based accuracy",no_reference_overlap_with_published_v1_training_footprints
fr_bordeaux_2024,France,combined,2024,2024,same_nominal_year_geometry_uncertain,whole_aoi,prediction_agreement,15,75,86,13,11,15,0.1,0,0,0.1733333333333333,0.1511627906976744,0.1614906832298136,0.6577478047239814,0.410328391219258,0.379301531306635,0.3942053934080721,0.6073934770351342,0.6381078366970107,0.520016180886736,0.5880569588650859,-11,170.10631985140563,"Product correspondence, not reference-based accuracy",no_reference_overlap_with_published_v1_training_footprints
fr_bordeaux_2024,France,combined,2024,2024,same_nominal_year_geometry_uncertain,whole_aoi,prediction_agreement,30,75,86,13,11,15,0.1,0,0,0.1733333333333333,0.1511627906976744,0.1614906832298136,0.6577478047239814,0.5778930326459721,0.5680600183375227,0.5729343386978352,0.6073934770351342,0.6381078366970107,0.520016180886736,0.5880569588650859,-11,170.10631985140563,"Product correspondence, not reference-based accuracy",no_reference_overlap_with_published_v1_training_footprints
fr_bordeaux_2024,France,combined,2024,2024,same_nominal_year_geometry_uncertain,reference_coverage,prediction_agreement,10,36,44,5,4,5,0.1,0,0,0.1388888888888889,0.1136363636363636,0.125,0.6207938282883698,0.3490009568613256,0.2535918806840958,0.2937433155412885,0.6661417909857307,0.6559338053313244,0.5556940648017527,0.6213829301328844,-8,39.1486142502927,"Product correspondence, not reference-based accuracy",no_reference_overlap_with_published_v1_training_footprints
fr_bordeaux_2024,France,combined,2024,2024,same_nominal_year_geometry_uncertain,reference_coverage,prediction_agreement,15,36,44,5,4,5,0.1,0,0,0.1388888888888889,0.1136363636363636,0.125,0.6207938282883698,0.4466969569924822,0.3489970721032701,0.3918489379265065,0.6661417909857307,0.6559338053313244,0.5556940648017527,0.6213829301328844,-8,39.1486142502927,"Product correspondence, not reference-based accuracy",no_reference_overlap_with_published_v1_training_footprints
fr_bordeaux_2024,France,combined,2024,2024,same_nominal_year_geometry_uncertain,reference_coverage,prediction_agreement,30,36,44,5,4,5,0.1,0,0,0.1388888888888889,0.1136363636363636,0.125,0.6207938282883698,0.6211642259746993,0.5199414804399178,0.566063328636534,0.6661417909857307,0.6559338053313244,0.5556940648017527,0.6213829301328844,-8,39.1486142502927,"Product correspondence, not reference-based accuracy",no_reference_overlap_with_published_v1_training_footprints
fr_bordeaux_2024,France,false_color,2024,2024,same_nominal_year_geometry_uncertain,whole_aoi,prediction_agreement,10,4,86,1,0,2,0.1,0,0,0.25,0.0116279069767441,0.0222222222222222,0.6437339210573894,0.0913320629115478,0.019656477753838,0.032350486853331,0.9435264088861012,0.858169822208508,0.6712402768740997,0.5572470740374651,-82,-15.607585786548071,"Product correspondence, not reference-based accuracy",no_reference_overlap_with_published_v1_training_footprints
fr_bordeaux_2024,France,false_color,2024,2024,same_nominal_year_geometry_uncertain,whole_aoi,prediction_agreement,15,4,86,1,0,2,0.1,0,0,0.25,0.0116279069767441,0.0222222222222222,0.6437339210573894,0.1369961874581951,0.0302837625065481,0.0496025973962921,0.9435264088861012,0.858169822208508,0.6712402768740997,0.5572470740374651,-82,-15.607585786548071,"Product correspondence, not reference-based accuracy",no_reference_overlap_with_published_v1_training_footprints
fr_bordeaux_2024,France,false_color,2024,2024,same_nominal_year_geometry_uncertain,whole_aoi,prediction_agreement,30,4,86,1,0,2,0.1,0,0,0.25,0.0116279069767441,0.0222222222222222,0.6437339210573894,0.2676922234892327,0.0645178285292324,0.1039759084275229,0.9435264088861012,0.858169822208508,0.6712402768740997,0.5572470740374651,-82,-15.607585786548071,"Product correspondence, not reference-based accuracy",no_reference_overlap_with_published_v1_training_footprints
fr_bordeaux_2024,France,false_color,2024,2024,same_nominal_year_geometry_uncertain,reference_coverage,prediction_agreement,10,1,44,0,0,1,0.1,0,0,0.0,0.0,0.0,0.0,0.4567824491026849,0.0185835539929245,0.0357141286951172,0.9234602432518464,0.8437218259794157,0.5407281094175458,0.2611837817150445,-43,-138.33178661868678,"Product correspondence, not reference-based accuracy",no_reference_overlap_with_published_v1_training_footprints
fr_bordeaux_2024,France,false_color,2024,2024,same_nominal_year_geometry_uncertain,reference_coverage,prediction_agreement,15,1,44,0,0,1,0.1,0,0,0.0,0.0,0.0,0.0,0.5552583864233392,0.0269612215336838,0.0514254214739553,0.9234602432518464,0.8437218259794157,0.5407281094175458,0.2611837817150445,-43,-138.33178661868678,"Product correspondence, not reference-based accuracy",no_reference_overlap_with_published_v1_training_footprints
fr_bordeaux_2024,France,false_color,2024,2024,same_nominal_year_geometry_uncertain,reference_coverage,prediction_agreement,30,1,44,0,0,1,0.1,0,0,0.0,0.0,0.0,0.0,0.8199748185841365,0.0508295768404458,0.0957252243269428,0.9234602432518464,0.8437218259794157,0.5407281094175458,0.2611837817150445,-43,-138.33178661868678,"Product correspondence, not reference-based accuracy",no_reference_overlap_with_published_v1_training_footprints
fr_bordeaux_2024,France,false_color_15m,2024,2024,same_nominal_year_geometry_uncertain,whole_aoi,prediction_agreement,10,2,86,0,0,1,0.1,0,0,0.0,0.0,0.0,0.0,0.0013671877369059,0.0002475501032366,0.0004191980357443,1.2393187251629654e-16,0.9975132131520908,0.9847912592866052,1.1102230246251563e-16,-84,1240.5607876120898,"Product correspondence, not reference-based accuracy",no_reference_overlap_with_published_v1_training_footprints
fr_bordeaux_2024,France,false_color_15m,2024,2024,same_nominal_year_geometry_uncertain,whole_aoi,prediction_agreement,15,2,86,0,0,1,0.1,0,0,0.0,0.0,0.0,0.0,0.006160183374128,0.0012093292962623,0.0020217592554289,1.2393187251629654e-16,0.9975132131520908,0.9847912592866052,1.1102230246251563e-16,-84,1240.5607876120898,"Product correspondence, not reference-based accuracy",no_reference_overlap_with_published_v1_training_footprints
fr_bordeaux_2024,France,false_color_15m,2024,2024,same_nominal_year_geometry_uncertain,whole_aoi,prediction_agreement,30,2,86,0,0,1,0.1,0,0,0.0,0.0,0.0,0.0,0.0265313039485523,0.0049525826548805,0.0083470301746441,1.2393187251629654e-16,0.9975132131520908,0.9847912592866052,1.1102230246251563e-16,-84,1240.5607876120898,"Product correspondence, not reference-based accuracy",no_reference_overlap_with_published_v1_training_footprints
fr_bordeaux_2024,France,false_color_15m,2024,2024,same_nominal_year_geometry_uncertain,reference_coverage,prediction_agreement,10,1,44,0,0,1,0.1,0,0,0.0,0.0,0.0,0.0,0.0,0.0,0.0,1.0597583416876496e-16,0.9973692722376728,0.9695825185732104,1.1102230246251563e-16,-43,1142.5997217264537,"Product correspondence, not reference-based accuracy",no_reference_overlap_with_published_v1_training_footprints
fr_bordeaux_2024,France,false_color_15m,2024,2024,same_nominal_year_geometry_uncertain,reference_coverage,prediction_agreement,15,1,44,0,0,1,0.1,0,0,0.0,0.0,0.0,0.0,0.0,0.0,0.0,1.0597583416876496e-16,0.9973692722376728,0.9695825185732104,1.1102230246251563e-16,-43,1142.5997217264537,"Product correspondence, not reference-based accuracy",no_reference_overlap_with_published_v1_training_footprints
fr_bordeaux_2024,France,false_color_15m,2024,2024,same_nominal_year_geometry_uncertain,reference_coverage,prediction_agreement,30,1,44,0,0,1,0.1,0,0,0.0,0.0,0.0,0.0,0.0,0.0,0.0,1.0597583416876496e-16,0.9973692722376728,0.9695825185732104,1.1102230246251563e-16,-43,1142.5997217264537,"Product correspondence, not reference-based accuracy",no_reference_overlap_with_published_v1_training_footprints
fr_bordeaux_2024,France,pan_nir_red,2024,2024,same_nominal_year_geometry_uncertain,whole_aoi,prediction_agreement,10,132,86,13,16,16,0.1,0,0,0.0984848484848484,0.1511627906976744,0.1192660550458715,0.6463183440945196,0.2418877813380488,0.3058306571570613,0.2701267436901869,0.5860083672526963,0.5693117123450546,0.6106121912633883,0.6680583090784828,46,263.36852836256094,"Product correspondence, not reference-based accuracy",no_reference_overlap_with_published_v1_training_footprints
fr_bordeaux_2024,France,pan_nir_red,2024,2024,same_nominal_year_geometry_uncertain,whole_aoi,prediction_agreement,15,132,86,13,16,16,0.1,0,0,0.0984848484848484,0.1511627906976744,0.1192660550458715,0.6463183440945196,0.321226791579488,0.4117837828414463,0.3609115284349564,0.5860083672526963,0.5693117123450546,0.6106121912633883,0.6680583090784828,46,263.36852836256094,"Product correspondence, not reference-based accuracy",no_reference_overlap_with_published_v1_training_footprints
fr_bordeaux_2024,France,pan_nir_red,2024,2024,same_nominal_year_geometry_uncertain,whole_aoi,prediction_agreement,30,132,86,13,16,16,0.1,0,0,0.0984848484848484,0.1511627906976744,0.1192660550458715,0.6463183440945196,0.4863477274874135,0.6275443716015161,0.5479970264185305,0.5860083672526963,0.5693117123450546,0.6106121912633883,0.6680583090784828,46,263.36852836256094,"Product correspondence, not reference-based accuracy",no_reference_overlap_with_published_v1_training_footprints
fr_bordeaux_2024,France,pan_nir_red,2024,2024,same_nominal_year_geometry_uncertain,reference_coverage,prediction_agreement,10,55,44,6,6,5,0.1,0,0,0.109090909090909,0.1363636363636363,0.1212121212121212,0.6706634004273516,0.2720699260555635,0.2621951354554909,0.2670412731603558,0.6654251433572803,0.4815102462356805,0.6003636429903683,0.5959488803769161,11,-8.944119380299561,"Product correspondence, not reference-based accuracy",no_reference_overlap_with_published_v1_training_footprints
fr_bordeaux_2024,France,pan_nir_red,2024,2024,same_nominal_year_geometry_uncertain,reference_coverage,prediction_agreement,15,55,44,6,6,5,0.1,0,0,0.109090909090909,0.1363636363636363,0.1212121212121212,0.6706634004273516,0.3538734416082218,0.3570133756057437,0.3554364741799615,0.6654251433572803,0.4815102462356805,0.6003636429903683,0.5959488803769161,11,-8.944119380299561,"Product correspondence, not reference-based accuracy",no_reference_overlap_with_published_v1_training_footprints
fr_bordeaux_2024,France,pan_nir_red,2024,2024,same_nominal_year_geometry_uncertain,reference_coverage,prediction_agreement,30,55,44,6,6,5,0.1,0,0,0.109090909090909,0.1363636363636363,0.1212121212121212,0.6706634004273516,0.5097659451448333,0.5586243328960638,0.533077971397945,0.6654251433572803,0.4815102462356805,0.6003636429903683,0.5959488803769161,11,-8.944119380299561,"Product correspondence, not reference-based accuracy",no_reference_overlap_with_published_v1_training_footprints
fr_bordeaux_2024,France,coarse_pan_nir_red,2024,2024,same_nominal_year_geometry_uncertain,whole_aoi,prediction_agreement,10,5,86,0,1,0,0.1,0,0,0.0,0.0,0.0,0.0,0.0606531416604444,0.0103106618437479,0.0176251554325111,0.995919452419913,0.5262454751767304,0.4747565161379649,0.8476209376172074,-81,-39.67647938539321,"Product correspondence, not reference-based accuracy",no_reference_overlap_with_published_v1_training_footprints
fr_bordeaux_2024,France,coarse_pan_nir_red,2024,2024,same_nominal_year_geometry_uncertain,whole_aoi,prediction_agreement,15,5,86,0,1,0,0.1,0,0,0.0,0.0,0.0,0.0,0.0870644271100617,0.0151963306365248,0.0258761982641044,0.995919452419913,0.5262454751767304,0.4747565161379649,0.8476209376172074,-81,-39.67647938539321,"Product correspondence, not reference-based accuracy",no_reference_overlap_with_published_v1_training_footprints
fr_bordeaux_2024,France,coarse_pan_nir_red,2024,2024,same_nominal_year_geometry_uncertain,whole_aoi,prediction_agreement,30,5,86,0,1,0,0.1,0,0,0.0,0.0,0.0,0.0,0.1606434932150883,0.0305688594500947,0.0513637147100323,0.995919452419913,0.5262454751767304,0.4747565161379649,0.8476209376172074,-81,-39.67647938539321,"Product correspondence, not reference-based accuracy",no_reference_overlap_with_published_v1_training_footprints
fr_bordeaux_2024,France,coarse_pan_nir_red,2024,2024,same_nominal_year_geometry_uncertain,reference_coverage,prediction_agreement,10,0,44,0,0,0,0.1,0,0,0.0,0.0,0.0,0.0,0.0,0.0,0.0,1.0,,,,-44,-149.5790608548467,"Product correspondence, not reference-based accuracy",no_reference_overlap_with_published_v1_training_footprints
fr_bordeaux_2024,France,coarse_pan_nir_red,2024,2024,same_nominal_year_geometry_uncertain,reference_coverage,prediction_agreement,15,0,44,0,0,0,0.1,0,0,0.0,0.0,0.0,0.0,0.0,0.0,0.0,1.0,,,,-44,-149.5790608548467,"Product correspondence, not reference-based accuracy",no_reference_overlap_with_published_v1_training_footprints
fr_bordeaux_2024,France,coarse_pan_nir_red,2024,2024,same_nominal_year_geometry_uncertain,reference_coverage,prediction_agreement,30,0,44,0,0,0,0.1,0,0,0.0,0.0,0.0,0.0,0.0,0.0,0.0,1.0,,,,-44,-149.5790608548467,"Product correspondence, not reference-based accuracy",no_reference_overlap_with_published_v1_training_footprints
fr_bordeaux_2024,France,hybrid,2024,2024,same_nominal_year_geometry_uncertain,whole_aoi,prediction_agreement,10,139,86,12,21,21,0.1,0,0,0.0863309352517985,0.1395348837209302,0.1066666666666666,0.6416717454973047,0.2823532539428084,0.3232285569317128,0.3014114135466258,0.5668859447903247,0.550473451164458,0.5375969346348348,0.6816882110360224,53,65.59708425085661,"Product correspondence, not reference-based accuracy",no_reference_overlap_with_published_v1_training_footprints
fr_bordeaux_2024,France,hybrid,2024,2024,same_nominal_year_geometry_uncertain,whole_aoi,prediction_agreement,15,139,86,12,21,21,0.1,0,0,0.0863309352517985,0.1395348837209302,0.1066666666666666,0.6416717454973047,0.3683965890716152,0.4388681896565652,0.4005564181215266,0.5668859447903247,0.550473451164458,0.5375969346348348,0.6816882110360224,53,65.59708425085661,"Product correspondence, not reference-based accuracy",no_reference_overlap_with_published_v1_training_footprints
fr_bordeaux_2024,France,hybrid,2024,2024,same_nominal_year_geometry_uncertain,whole_aoi,prediction_agreement,30,139,86,12,21,21,0.1,0,0,0.0863309352517985,0.1395348837209302,0.1066666666666666,0.6416717454973047,0.5439165169341456,0.6583450275362108,0.5956852499614139,0.5668859447903247,0.550473451164458,0.5375969346348348,0.6816882110360224,53,65.59708425085661,"Product correspondence, not reference-based accuracy",no_reference_overlap_with_published_v1_training_footprints
fr_bordeaux_2024,France,hybrid,2024,2024,same_nominal_year_geometry_uncertain,reference_coverage,prediction_agreement,10,61,44,6,9,9,0.1,0,0,0.0983606557377049,0.1363636363636363,0.1142857142857142,0.669367165662973,0.2705577272374165,0.277027605685295,0.2737544447225567,0.6024858740167601,0.4931050195046729,0.5478955648940652,0.6391679714825045,17,5.204778119219956,"Product correspondence, not reference-based accuracy",no_reference_overlap_with_published_v1_training_footprints
fr_bordeaux_2024,France,hybrid,2024,2024,same_nominal_year_geometry_uncertain,reference_coverage,prediction_agreement,15,61,44,6,9,9,0.1,0,0,0.0983606557377049,0.1363636363636363,0.1142857142857142,0.669367165662973,0.3530879836837883,0.3911059129685598,0.3711258553397873,0.6024858740167601,0.4931050195046729,0.5478955648940652,0.6391679714825045,17,5.204778119219956,"Product correspondence, not reference-based accuracy",no_reference_overlap_with_published_v1_training_footprints
fr_bordeaux_2024,France,hybrid,2024,2024,same_nominal_year_geometry_uncertain,reference_coverage,prediction_agreement,30,61,44,6,9,9,0.1,0,0,0.0983606557377049,0.1363636363636363,0.1142857142857142,0.669367165662973,0.5204840842187101,0.6213308605601092,0.5664540045376545,0.6024858740167601,0.4931050195046729,0.5478955648940652,0.6391679714825045,17,5.204778119219956,"Product correspondence, not reference-based accuracy",no_reference_overlap_with_published_v1_training_footprints
nl_flevoland_2025,Netherlands,pan,2025,2025,same_nominal_year_geometry_uncertain,whole_aoi,prediction_agreement,10,151,49,15,30,0,0.1,0,0,0.0993377483443708,0.3061224489795918,0.15,0.8027491512378447,0.4670517831495242,0.5599987106916838,0.509319450130995,0.5084123900218673,0.1210878396667407,0.1087935791091746,0.73218147274817,102,-33.526168619631044,"Product correspondence, not reference-based accuracy",no_reference_overlap_with_published_v1_training_footprints
nl_flevoland_2025,Netherlands,pan,2025,2025,same_nominal_year_geometry_uncertain,whole_aoi,prediction_agreement,15,151,49,15,30,0,0.1,0,0,0.0993377483443708,0.3061224489795918,0.15,0.8027491512378447,0.5714101637641066,0.711283592599006,0.6337205153038323,0.5084123900218673,0.1210878396667407,0.1087935791091746,0.73218147274817,102,-33.526168619631044,"Product correspondence, not reference-based accuracy",no_reference_overlap_with_published_v1_training_footprints
nl_flevoland_2025,Netherlands,pan,2025,2025,same_nominal_year_geometry_uncertain,whole_aoi,prediction_agreement,30,151,49,15,30,0,0.1,0,0,0.0993377483443708,0.3061224489795918,0.15,0.8027491512378447,0.7246985761480507,0.8926924163937607,0.7999709731065502,0.5084123900218673,0.1210878396667407,0.1087935791091746,0.73218147274817,102,-33.526168619631044,"Product correspondence, not reference-based accuracy",no_reference_overlap_with_published_v1_training_footprints
nl_flevoland_2025,Netherlands,pan,2025,2025,same_nominal_year_geometry_uncertain,reference_coverage,prediction_agreement,10,141,47,15,29,0,0.1,0,0,0.1063829787234042,0.3191489361702128,0.1595744680851064,0.8027491512378447,0.4289077950647337,0.5052951996464942,0.4639784953893544,0.4962600426507134,0.1231180932073256,0.088447400245769,0.7216738949209464,94,-47.079615089462976,"Product correspondence, not reference-based accuracy",no_reference_overlap_with_published_v1_training_footprints
nl_flevoland_2025,Netherlands,pan,2025,2025,same_nominal_year_geometry_uncertain,reference_coverage,prediction_agreement,15,141,47,15,29,0,0.1,0,0,0.1063829787234042,0.3191489361702128,0.1595744680851064,0.8027491512378447,0.5274551800812043,0.6522468176416427,0.5832506231584593,0.4962600426507134,0.1231180932073256,0.088447400245769,0.7216738949209464,94,-47.079615089462976,"Product correspondence, not reference-based accuracy",no_reference_overlap_with_published_v1_training_footprints
nl_flevoland_2025,Netherlands,pan,2025,2025,same_nominal_year_geometry_uncertain,reference_coverage,prediction_agreement,30,141,47,15,29,0,0.1,0,0,0.1063829787234042,0.3191489361702128,0.1595744680851064,0.8027491512378447,0.6787707279452974,0.8379932098799202,0.7500247690474237,0.4962600426507134,0.1231180932073256,0.088447400245769,0.7216738949209464,94,-47.079615089462976,"Product correspondence, not reference-based accuracy",no_reference_overlap_with_published_v1_training_footprints
nl_flevoland_2025,Netherlands,sr,2025,2025,same_nominal_year_geometry_uncertain,whole_aoi,prediction_agreement,10,102,49,10,27,7,0.1,0,0,0.0980392156862745,0.2040816326530612,0.1324503311258278,0.7115492107333264,0.325386018201223,0.3132265160571928,0.3191905056271553,0.59639655720677,0.2280706505955222,0.1618299801124828,0.7092584913716484,53,-161.75351084489068,"Product correspondence, not reference-based accuracy",no_reference_overlap_with_published_v1_training_footprints
nl_flevoland_2025,Netherlands,sr,2025,2025,same_nominal_year_geometry_uncertain,whole_aoi,prediction_agreement,15,102,49,10,27,7,0.1,0,0,0.0980392156862745,0.2040816326530612,0.1324503311258278,0.7115492107333264,0.430812791223469,0.4506257500433075,0.4404965929770241,0.59639655720677,0.2280706505955222,0.1618299801124828,0.7092584913716484,53,-161.75351084489068,"Product correspondence, not reference-based accuracy",no_reference_overlap_with_published_v1_training_footprints
nl_flevoland_2025,Netherlands,sr,2025,2025,same_nominal_year_geometry_uncertain,whole_aoi,prediction_agreement,30,102,49,10,27,7,0.1,0,0,0.0980392156862745,0.2040816326530612,0.1324503311258278,0.7115492107333264,0.6465302543851026,0.7075813792055563,0.6756795492301659,0.59639655720677,0.2280706505955222,0.1618299801124828,0.7092584913716484,53,-161.75351084489068,"Product correspondence, not reference-based accuracy",no_reference_overlap_with_published_v1_training_footprints
nl_flevoland_2025,Netherlands,sr,2025,2025,same_nominal_year_geometry_uncertain,reference_coverage,prediction_agreement,10,92,47,10,26,6,0.1,0,0,0.108695652173913,0.2127659574468085,0.1438848920863309,0.7115492107333264,0.2994000184221385,0.2803067858082577,0.2895389746071997,0.5885600482126792,0.2151904593990156,0.1163147193493519,0.6926145021577605,45,-186.6919061864317,"Product correspondence, not reference-based accuracy",no_reference_overlap_with_published_v1_training_footprints
nl_flevoland_2025,Netherlands,sr,2025,2025,same_nominal_year_geometry_uncertain,reference_coverage,prediction_agreement,15,92,47,10,26,6,0.1,0,0,0.108695652173913,0.2127659574468085,0.1438848920863309,0.7115492107333264,0.4027410834117446,0.4158750961890678,0.4092027276685955,0.5885600482126792,0.2151904593990156,0.1163147193493519,0.6926145021577605,45,-186.6919061864317,"Product correspondence, not reference-based accuracy",no_reference_overlap_with_published_v1_training_footprints
nl_flevoland_2025,Netherlands,sr,2025,2025,same_nominal_year_geometry_uncertain,reference_coverage,prediction_agreement,30,92,47,10,26,6,0.1,0,0,0.108695652173913,0.2127659574468085,0.1438848920863309,0.7115492107333264,0.6284502882876092,0.6745677133121518,0.6506928889394598,0.5885600482126792,0.2151904593990156,0.1163147193493519,0.6926145021577605,45,-186.6919061864317,"Product correspondence, not reference-based accuracy",no_reference_overlap_with_published_v1_training_footprints
nl_flevoland_2025,Netherlands,combined,2025,2025,same_nominal_year_geometry_uncertain,whole_aoi,prediction_agreement,10,138,49,16,30,3,0.1,0,0,0.1159420289855072,0.3265306122448979,0.1711229946524064,0.7661718082737379,0.465023977360002,0.5357956308185858,0.4979075414975481,0.5096872021265383,0.1301441185588489,0.1259846579192513,0.710952334440891,89,-30.03853491965793,"Product correspondence, not reference-based accuracy",no_reference_overlap_with_published_v1_training_footprints
nl_flevoland_2025,Netherlands,combined,2025,2025,same_nominal_year_geometry_uncertain,whole_aoi,prediction_agreement,15,138,49,16,30,3,0.1,0,0,0.1159420289855072,0.3265306122448979,0.1711229946524064,0.7661718082737379,0.5775723848624279,0.6933433253674648,0.6301849205853243,0.5096872021265383,0.1301441185588489,0.1259846579192513,0.710952334440891,89,-30.03853491965793,"Product correspondence, not reference-based accuracy",no_reference_overlap_with_published_v1_training_footprints
nl_flevoland_2025,Netherlands,combined,2025,2025,same_nominal_year_geometry_uncertain,whole_aoi,prediction_agreement,30,138,49,16,30,3,0.1,0,0,0.1159420289855072,0.3265306122448979,0.1711229946524064,0.7661718082737379,0.7335133555386937,0.8810789327041885,0.8005527700440498,0.5096872021265383,0.1301441185588489,0.1259846579192513,0.710952334440891,89,-30.03853491965793,"Product correspondence, not reference-based accuracy",no_reference_overlap_with_published_v1_training_footprints
nl_flevoland_2025,Netherlands,combined,2025,2025,same_nominal_year_geometry_uncertain,reference_coverage,prediction_agreement,10,128,47,16,29,1,0.1,0,0,0.125,0.3404255319148936,0.1828571428571428,0.7661718082737379,0.4396726943732065,0.476736161090767,0.4574549257182658,0.5008313119714743,0.1209690085610635,0.1015882978766029,0.7056175401704419,81,-64.58442095796177,"Product correspondence, not reference-based accuracy",no_reference_overlap_with_published_v1_training_footprints
nl_flevoland_2025,Netherlands,combined,2025,2025,same_nominal_year_geometry_uncertain,reference_coverage,prediction_agreement,15,128,47,16,29,1,0.1,0,0,0.125,0.3404255319148936,0.1828571428571428,0.7661718082737379,0.5472857124242163,0.630668103754692,0.5860257638728914,0.5008313119714743,0.1209690085610635,0.1015882978766029,0.7056175401704419,81,-64.58442095796177,"Product correspondence, not reference-based accuracy",no_reference_overlap_with_published_v1_training_footprints
nl_flevoland_2025,Netherlands,combined,2025,2025,same_nominal_year_geometry_uncertain,reference_coverage,prediction_agreement,30,128,47,16,29,1,0.1,0,0,0.125,0.3404255319148936,0.1828571428571428,0.7661718082737379,0.7061860605745731,0.8248041674923352,0.7608999654065032,0.5008313119714743,0.1209690085610635,0.1015882978766029,0.7056175401704419,81,-64.58442095796177,"Product correspondence, not reference-based accuracy",no_reference_overlap_with_published_v1_training_footprints
nl_flevoland_2025,Netherlands,false_color,2025,2025,same_nominal_year_geometry_uncertain,whole_aoi,prediction_agreement,10,107,49,9,28,7,0.1,0,0,0.0841121495327102,0.1836734693877551,0.1153846153846153,0.7067613511330227,0.2687319006591722,0.2649365990846257,0.2668207543085965,0.5969298737963596,0.192975840693528,0.1446856869102928,0.7377045953620202,58,-201.80293941741567,"Product correspondence, not reference-based accuracy",no_reference_overlap_with_published_v1_training_footprints
nl_flevoland_2025,Netherlands,false_color,2025,2025,same_nominal_year_geometry_uncertain,whole_aoi,prediction_agreement,15,107,49,9,28,7,0.1,0,0,0.0841121495327102,0.1836734693877551,0.1153846153846153,0.7067613511330227,0.3645471564388565,0.3886323709601065,0.3762046645714303,0.5969298737963596,0.192975840693528,0.1446856869102928,0.7377045953620202,58,-201.80293941741567,"Product correspondence, not reference-based accuracy",no_reference_overlap_with_published_v1_training_footprints
nl_flevoland_2025,Netherlands,false_color,2025,2025,same_nominal_year_geometry_uncertain,whole_aoi,prediction_agreement,30,107,49,9,28,7,0.1,0,0,0.0841121495327102,0.1836734693877551,0.1153846153846153,0.7067613511330227,0.584713679891277,0.6670470026661119,0.6231726447782358,0.5969298737963596,0.192975840693528,0.1446856869102928,0.7377045953620202,58,-201.80293941741567,"Product correspondence, not reference-based accuracy",no_reference_overlap_with_published_v1_training_footprints
nl_flevoland_2025,Netherlands,false_color,2025,2025,same_nominal_year_geometry_uncertain,reference_coverage,prediction_agreement,10,95,47,9,27,4,0.1,0,0,0.0947368421052631,0.1914893617021276,0.1267605633802817,0.7067613511330227,0.2358619867193156,0.2303543366141794,0.2330756293334052,0.5915626672862595,0.1787626334691934,0.1041703957290227,0.722074692606985,48,-238.3515620127039,"Product correspondence, not reference-based accuracy",no_reference_overlap_with_published_v1_training_footprints
nl_flevoland_2025,Netherlands,false_color,2025,2025,same_nominal_year_geometry_uncertain,reference_coverage,prediction_agreement,15,95,47,9,27,4,0.1,0,0,0.0947368421052631,0.1914893617021276,0.1267605633802817,0.7067613511330227,0.3306901964537412,0.3482824754942719,0.3392584267409648,0.5915626672862595,0.1787626334691934,0.1041703957290227,0.722074692606985,48,-238.3515620127039,"Product correspondence, not reference-based accuracy",no_reference_overlap_with_published_v1_training_footprints
nl_flevoland_2025,Netherlands,false_color,2025,2025,same_nominal_year_geometry_uncertain,reference_coverage,prediction_agreement,30,95,47,9,27,4,0.1,0,0,0.0947368421052631,0.1914893617021276,0.1267605633802817,0.7067613511330227,0.5651438805387609,0.6361317639905919,0.5985403521212002,0.5915626672862595,0.1787626334691934,0.1041703957290227,0.722074692606985,48,-238.3515620127039,"Product correspondence, not reference-based accuracy",no_reference_overlap_with_published_v1_training_footprints
nl_flevoland_2025,Netherlands,false_color_15m,2025,2025,same_nominal_year_geometry_uncertain,whole_aoi,prediction_agreement,10,213,49,12,33,6,0.1,0,0,0.056338028169014,0.2448979591836734,0.0916030534351145,0.7209238275534854,0.3126168182070322,0.4469884186755221,0.3679176773325476,0.6132219472184718,0.1206984514474878,0.1566316393072352,0.834242073532973,164,-127.12598565107854,"Product correspondence, not reference-based accuracy",no_reference_overlap_with_published_v1_training_footprints
nl_flevoland_2025,Netherlands,false_color_15m,2025,2025,same_nominal_year_geometry_uncertain,whole_aoi,prediction_agreement,15,213,49,12,33,6,0.1,0,0,0.056338028169014,0.2448979591836734,0.0916030534351145,0.7209238275534854,0.4171475692529083,0.6052437086086213,0.4938929885626366,0.6132219472184718,0.1206984514474878,0.1566316393072352,0.834242073532973,164,-127.12598565107854,"Product correspondence, not reference-based accuracy",no_reference_overlap_with_published_v1_training_footprints
nl_flevoland_2025,Netherlands,false_color_15m,2025,2025,same_nominal_year_geometry_uncertain,whole_aoi,prediction_agreement,30,213,49,12,33,6,0.1,0,0,0.056338028169014,0.2448979591836734,0.0916030534351145,0.7209238275534854,0.6086697711147236,0.8464708953519364,0.7081394369661691,0.6132219472184718,0.1206984514474878,0.1566316393072352,0.834242073532973,164,-127.12598565107854,"Product correspondence, not reference-based accuracy",no_reference_overlap_with_published_v1_training_footprints
nl_flevoland_2025,Netherlands,false_color_15m,2025,2025,same_nominal_year_geometry_uncertain,reference_coverage,prediction_agreement,10,182,47,12,32,3,0.1,0,0,0.0659340659340659,0.2553191489361702,0.1048034934497816,0.7209238275534854,0.2882939989139209,0.4082140226819174,0.3379305029167266,0.6101026355833415,0.0975256733029377,0.0849134419655683,0.8230865736384017,135,-163.94429498733982,"Product correspondence, not reference-based accuracy",no_reference_overlap_with_published_v1_training_footprints
nl_flevoland_2025,Netherlands,false_color_15m,2025,2025,same_nominal_year_geometry_uncertain,reference_coverage,prediction_agreement,15,182,47,12,32,3,0.1,0,0,0.0659340659340659,0.2553191489361702,0.1048034934497816,0.7209238275534854,0.3943337798153111,0.5689981329720656,0.4658315197583471,0.6101026355833415,0.0975256733029377,0.0849134419655683,0.8230865736384017,135,-163.94429498733982,"Product correspondence, not reference-based accuracy",no_reference_overlap_with_published_v1_training_footprints
nl_flevoland_2025,Netherlands,false_color_15m,2025,2025,same_nominal_year_geometry_uncertain,reference_coverage,prediction_agreement,30,182,47,12,32,3,0.1,0,0,0.0659340659340659,0.2553191489361702,0.1048034934497816,0.7209238275534854,0.6016370825486872,0.8228124902757158,0.6950537464833461,0.6101026355833415,0.0975256733029377,0.0849134419655683,0.8230865736384017,135,-163.94429498733982,"Product correspondence, not reference-based accuracy",no_reference_overlap_with_published_v1_training_footprints
nl_flevoland_2025,Netherlands,pan_nir_red,2025,2025,same_nominal_year_geometry_uncertain,whole_aoi,prediction_agreement,10,171,49,14,34,1,0.1,0,0,0.0818713450292397,0.2857142857142857,0.1272727272727272,0.7794117854662923,0.4060352688895766,0.5248101522012268,0.4578449363059557,0.540581277781353,0.1312727096373968,0.1383198898334645,0.7683029665685064,122,-63.15888861157429,"Product correspondence, not reference-based accuracy",no_reference_overlap_with_published_v1_training_footprints
nl_flevoland_2025,Netherlands,pan_nir_red,2025,2025,same_nominal_year_geometry_uncertain,whole_aoi,prediction_agreement,15,171,49,14,34,1,0.1,0,0,0.0818713450292397,0.2857142857142857,0.1272727272727272,0.7794117854662923,0.5062117914127799,0.6814527898621795,0.5809038055998204,0.540581277781353,0.1312727096373968,0.1383198898334645,0.7683029665685064,122,-63.15888861157429,"Product correspondence, not reference-based accuracy",no_reference_overlap_with_published_v1_training_footprints
nl_flevoland_2025,Netherlands,pan_nir_red,2025,2025,same_nominal_year_geometry_uncertain,whole_aoi,prediction_agreement,30,171,49,14,34,1,0.1,0,0,0.0818713450292397,0.2857142857142857,0.1272727272727272,0.7794117854662923,0.6739807004410818,0.8862240884757094,0.7656660665851514,0.540581277781353,0.1312727096373968,0.1383198898334645,0.7683029665685064,122,-63.15888861157429,"Product correspondence, not reference-based accuracy",no_reference_overlap_with_published_v1_training_footprints
nl_flevoland_2025,Netherlands,pan_nir_red,2025,2025,same_nominal_year_geometry_uncertain,reference_coverage,prediction_agreement,10,154,47,14,33,1,0.1,0,0,0.0909090909090909,0.2978723404255319,0.1393034825870646,0.7794117854662923,0.3711429062221587,0.4802608823629014,0.4187094819514719,0.5271883237000876,0.1141763455817218,0.0918411361753416,0.7561805258249953,107,-82.96722575202119,"Product correspondence, not reference-based accuracy",no_reference_overlap_with_published_v1_training_footprints
nl_flevoland_2025,Netherlands,pan_nir_red,2025,2025,same_nominal_year_geometry_uncertain,reference_coverage,prediction_agreement,15,154,47,14,33,1,0.1,0,0,0.0909090909090909,0.2978723404255319,0.1393034825870646,0.7794117854662923,0.4709778882548049,0.6392714758273568,0.5423695602935199,0.5271883237000876,0.1141763455817218,0.0918411361753416,0.7561805258249953,107,-82.96722575202119,"Product correspondence, not reference-based accuracy",no_reference_overlap_with_published_v1_training_footprints
nl_flevoland_2025,Netherlands,pan_nir_red,2025,2025,same_nominal_year_geometry_uncertain,reference_coverage,prediction_agreement,30,154,47,14,33,1,0.1,0,0,0.0909090909090909,0.2978723404255319,0.1393034825870646,0.7794117854662923,0.6491687861110892,0.8544766834376171,0.7378063547305617,0.5271883237000876,0.1141763455817218,0.0918411361753416,0.7561805258249953,107,-82.96722575202119,"Product correspondence, not reference-based accuracy",no_reference_overlap_with_published_v1_training_footprints
nl_flevoland_2025,Netherlands,coarse_pan_nir_red,2025,2025,same_nominal_year_geometry_uncertain,whole_aoi,prediction_agreement,10,206,49,14,32,1,0.1,0,0,0.0679611650485436,0.2857142857142857,0.1098039215686274,0.7551246236139709,0.3286449181240416,0.4730224906083269,0.3878327496002821,0.5814617582981374,0.114200962777365,0.1391001087570037,0.8146382304359288,157,-97.71893630521168,"Product correspondence, not reference-based accuracy",no_reference_overlap_with_published_v1_training_footprints
nl_flevoland_2025,Netherlands,coarse_pan_nir_red,2025,2025,same_nominal_year_geometry_uncertain,whole_aoi,prediction_agreement,15,206,49,14,32,1,0.1,0,0,0.0679611650485436,0.2857142857142857,0.1098039215686274,0.7551246236139709,0.4281034475966244,0.6408073858080945,0.5132923019144964,0.5814617582981374,0.114200962777365,0.1391001087570037,0.8146382304359288,157,-97.71893630521168,"Product correspondence, not reference-based accuracy",no_reference_overlap_with_published_v1_training_footprints
nl_flevoland_2025,Netherlands,coarse_pan_nir_red,2025,2025,same_nominal_year_geometry_uncertain,whole_aoi,prediction_agreement,30,206,49,14,32,1,0.1,0,0,0.0679611650485436,0.2857142857142857,0.1098039215686274,0.7551246236139709,0.6166121610447499,0.8611507839197473,0.7186484783199012,0.5814617582981374,0.114200962777365,0.1391001087570037,0.8146382304359288,157,-97.71893630521168,"Product correspondence, not reference-based accuracy",no_reference_overlap_with_published_v1_training_footprints
nl_flevoland_2025,Netherlands,coarse_pan_nir_red,2025,2025,same_nominal_year_geometry_uncertain,reference_coverage,prediction_agreement,10,179,47,14,31,1,0.1,0,0,0.0782122905027933,0.2978723404255319,0.1238938053097345,0.7551246236139709,0.3064479662541854,0.4432585830203211,0.3623702938776193,0.569241126554273,0.0967829062281007,0.074729481084272,0.8036671285954138,132,-127.60732667014608,"Product correspondence, not reference-based accuracy",no_reference_overlap_with_published_v1_training_footprints
nl_flevoland_2025,Netherlands,coarse_pan_nir_red,2025,2025,same_nominal_year_geometry_uncertain,reference_coverage,prediction_agreement,15,179,47,14,31,1,0.1,0,0,0.0782122905027933,0.2978723404255319,0.1238938053097345,0.7551246236139709,0.4077822412249977,0.6138587259163718,0.490036510086545,0.569241126554273,0.0967829062281007,0.074729481084272,0.8036671285954138,132,-127.60732667014608,"Product correspondence, not reference-based accuracy",no_reference_overlap_with_published_v1_training_footprints
nl_flevoland_2025,Netherlands,coarse_pan_nir_red,2025,2025,same_nominal_year_geometry_uncertain,reference_coverage,prediction_agreement,30,179,47,14,31,1,0.1,0,0,0.0782122905027933,0.2978723404255319,0.1238938053097345,0.7551246236139709,0.6088288197972805,0.8459182298311783,0.7080535377537371,0.569241126554273,0.0967829062281007,0.074729481084272,0.8036671285954138,132,-127.60732667014608,"Product correspondence, not reference-based accuracy",no_reference_overlap_with_published_v1_training_footprints
nl_flevoland_2025,Netherlands,hybrid,2025,2025,same_nominal_year_geometry_uncertain,whole_aoi,prediction_agreement,10,169,49,16,31,1,0.1,0,0,0.0946745562130177,0.3265306122448979,0.146788990825688,0.7499842360483657,0.4182838795948105,0.537947992447248,0.4706284738670115,0.5181239812235084,0.1310853422714421,0.1465304351799862,0.7559485232047062,120,-32.42372353118658,"Product correspondence, not reference-based accuracy",no_reference_overlap_with_published_v1_training_footprints
nl_flevoland_2025,Netherlands,hybrid,2025,2025,same_nominal_year_geometry_uncertain,whole_aoi,prediction_agreement,15,169,49,16,31,1,0.1,0,0,0.0946745562130177,0.3265306122448979,0.146788990825688,0.7499842360483657,0.5242930171536345,0.7008558711963706,0.5998517287058234,0.5181239812235084,0.1310853422714421,0.1465304351799862,0.7559485232047062,120,-32.42372353118658,"Product correspondence, not reference-based accuracy",no_reference_overlap_with_published_v1_training_footprints
nl_flevoland_2025,Netherlands,hybrid,2025,2025,same_nominal_year_geometry_uncertain,whole_aoi,prediction_agreement,30,169,49,16,31,1,0.1,0,0,0.0946745562130177,0.3265306122448979,0.146788990825688,0.7499842360483657,0.6926707758332589,0.8970389301468547,0.7817183846334661,0.5181239812235084,0.1310853422714421,0.1465304351799862,0.7559485232047062,120,-32.42372353118658,"Product correspondence, not reference-based accuracy",no_reference_overlap_with_published_v1_training_footprints
nl_flevoland_2025,Netherlands,hybrid,2025,2025,same_nominal_year_geometry_uncertain,reference_coverage,prediction_agreement,10,151,47,16,30,0,0.1,0,0,0.1059602649006622,0.3404255319148936,0.1616161616161616,0.7499842360483657,0.3912673360171595,0.4827903917600757,0.4322371496423385,0.5023223391762427,0.1313372774786156,0.1036468048388332,0.7475313483937316,104,-59.0270145194198,"Product correspondence, not reference-based accuracy",no_reference_overlap_with_published_v1_training_footprints
nl_flevoland_2025,Netherlands,hybrid,2025,2025,same_nominal_year_geometry_uncertain,reference_coverage,prediction_agreement,15,151,47,16,30,0,0.1,0,0,0.1059602649006622,0.3404255319148936,0.1616161616161616,0.7499842360483657,0.492599904367527,0.6397523363967511,0.5566146793955871,0.5023223391762427,0.1313372774786156,0.1036468048388332,0.7475313483937316,104,-59.0270145194198,"Product correspondence, not reference-based accuracy",no_reference_overlap_with_published_v1_training_footprints
nl_flevoland_2025,Netherlands,hybrid,2025,2025,same_nominal_year_geometry_uncertain,reference_coverage,prediction_agreement,30,151,47,16,30,0,0.1,0,0,0.1059602649006622,0.3404255319148936,0.1616161616161616,0.7499842360483657,0.6718139908743966,0.8514256819775696,0.7510304458803244,0.5023223391762427,0.1313372774786156,0.1036468048388332,0.7475313483937316,104,-59.0270145194198,"Product correspondence, not reference-based accuracy",no_reference_overlap_with_published_v1_training_footprints
nl_bollenstreek_2025,Netherlands,pan,2025,2025,same_nominal_year_geometry_uncertain,whole_aoi,prediction_agreement,10,155,103,24,34,27,0.1,0,0,0.1548387096774193,0.233009708737864,0.186046511627907,0.5961106229591365,0.3196781248182188,0.3297906767893114,0.3246556720741365,0.3771636843305007,0.6023895048605109,0.5548862854262016,0.5710245258604321,52,135.3641872576456,"Product correspondence, not reference-based accuracy",no_reference_overlap_with_published_v1_training_footprints
nl_bollenstreek_2025,Netherlands,pan,2025,2025,same_nominal_year_geometry_uncertain,whole_aoi,prediction_agreement,15,155,103,24,34,27,0.1,0,0,0.1548387096774193,0.233009708737864,0.186046511627907,0.5961106229591365,0.4217916829897039,0.452084165497442,0.4364128871355728,0.3771636843305007,0.6023895048605109,0.5548862854262016,0.5710245258604321,52,135.3641872576456,"Product correspondence, not reference-based accuracy",no_reference_overlap_with_published_v1_training_footprints
nl_bollenstreek_2025,Netherlands,pan,2025,2025,same_nominal_year_geometry_uncertain,whole_aoi,prediction_agreement,30,155,103,24,34,27,0.1,0,0,0.1548387096774193,0.233009708737864,0.186046511627907,0.5961106229591365,0.6071276109149167,0.7060609752231661,0.6528675585098669,0.3771636843305007,0.6023895048605109,0.5548862854262016,0.5710245258604321,52,135.3641872576456,"Product correspondence, not reference-based accuracy",no_reference_overlap_with_published_v1_training_footprints
nl_bollenstreek_2025,Netherlands,pan,2025,2025,same_nominal_year_geometry_uncertain,reference_coverage,prediction_agreement,10,91,70,19,21,14,0.1,0,0,0.2087912087912088,0.2714285714285714,0.2360248447204969,0.604115470209619,0.3602038398220509,0.2859969125767493,0.3188395733213875,0.4357321253292233,0.5136086196407339,0.4411124835809595,0.5409389107056272,21,29.04506872448274,"Product correspondence, not reference-based accuracy",no_reference_overlap_with_published_v1_training_footprints
nl_bollenstreek_2025,Netherlands,pan,2025,2025,same_nominal_year_geometry_uncertain,reference_coverage,prediction_agreement,15,91,70,19,21,14,0.1,0,0,0.2087912087912088,0.2714285714285714,0.2360248447204969,0.604115470209619,0.4722745307781484,0.3895019764672118,0.4269131535302809,0.4357321253292233,0.5136086196407339,0.4411124835809595,0.5409389107056272,21,29.04506872448274,"Product correspondence, not reference-based accuracy",no_reference_overlap_with_published_v1_training_footprints
nl_bollenstreek_2025,Netherlands,pan,2025,2025,same_nominal_year_geometry_uncertain,reference_coverage,prediction_agreement,30,91,70,19,21,14,0.1,0,0,0.2087912087912088,0.2714285714285714,0.2360248447204969,0.604115470209619,0.6619300569789094,0.6244614699018826,0.6426500916957474,0.4357321253292233,0.5136086196407339,0.4411124835809595,0.5409389107056272,21,29.04506872448274,"Product correspondence, not reference-based accuracy",no_reference_overlap_with_published_v1_training_footprints
nl_bollenstreek_2025,Netherlands,sr,2025,2025,same_nominal_year_geometry_uncertain,whole_aoi,prediction_agreement,10,37,103,5,9,15,0.1,0,0,0.1351351351351351,0.0485436893203883,0.0714285714285714,0.6143048308103735,0.301917567228229,0.1288328389617229,0.1806006297822357,0.7147841877911073,0.7201198724005464,0.4834951040096505,0.581633060109927,-66,-60.55685829189359,"Product correspondence, not reference-based accuracy",no_reference_overlap_with_published_v1_training_footprints
nl_bollenstreek_2025,Netherlands,sr,2025,2025,same_nominal_year_geometry_uncertain,whole_aoi,prediction_agreement,15,37,103,5,9,15,0.1,0,0,0.1351351351351351,0.0485436893203883,0.0714285714285714,0.6143048308103735,0.3995088775173212,0.1863284407407548,0.2541315272684593,0.7147841877911073,0.7201198724005464,0.4834951040096505,0.581633060109927,-66,-60.55685829189359,"Product correspondence, not reference-based accuracy",no_reference_overlap_with_published_v1_training_footprints
nl_bollenstreek_2025,Netherlands,sr,2025,2025,same_nominal_year_geometry_uncertain,whole_aoi,prediction_agreement,30,37,103,5,9,15,0.1,0,0,0.1351351351351351,0.0485436893203883,0.0714285714285714,0.6143048308103735,0.5916859907055677,0.3408658294485288,0.4325454771223349,0.7147841877911073,0.7201198724005464,0.4834951040096505,0.581633060109927,-66,-60.55685829189359,"Product correspondence, not reference-based accuracy",no_reference_overlap_with_published_v1_training_footprints
nl_bollenstreek_2025,Netherlands,sr,2025,2025,same_nominal_year_geometry_uncertain,reference_coverage,prediction_agreement,10,24,70,4,5,9,0.1,0,0,0.1666666666666666,0.0571428571428571,0.0851063829787234,0.6011009763392097,0.3547709590831298,0.1250015254994646,0.1848664211199252,0.7363933408983011,0.6891798393503702,0.3875969461601955,0.5598973044994575,-46,-95.87351000716308,"Product correspondence, not reference-based accuracy",no_reference_overlap_with_published_v1_training_footprints
nl_bollenstreek_2025,Netherlands,sr,2025,2025,same_nominal_year_geometry_uncertain,reference_coverage,prediction_agreement,15,24,70,4,5,9,0.1,0,0,0.1666666666666666,0.0571428571428571,0.0851063829787234,0.6011009763392097,0.4712675668726371,0.1825492035791637,0.2631609432283054,0.7363933408983011,0.6891798393503702,0.3875969461601955,0.5598973044994575,-46,-95.87351000716308,"Product correspondence, not reference-based accuracy",no_reference_overlap_with_published_v1_training_footprints
nl_bollenstreek_2025,Netherlands,sr,2025,2025,same_nominal_year_geometry_uncertain,reference_coverage,prediction_agreement,30,24,70,4,5,9,0.1,0,0,0.1666666666666666,0.0571428571428571,0.0851063829787234,0.6011009763392097,0.6838090065567032,0.3323837235706021,0.4473304661054946,0.7363933408983011,0.6891798393503702,0.3875969461601955,0.5598973044994575,-46,-95.87351000716308,"Product correspondence, not reference-based accuracy",no_reference_overlap_with_published_v1_training_footprints
nl_bollenstreek_2025,Netherlands,combined,2025,2025,same_nominal_year_geometry_uncertain,whole_aoi,prediction_agreement,10,75,103,20,20,17,0.1,0,0,0.2666666666666666,0.1941747572815534,0.2247191011235955,0.6129826732310982,0.3903283737778171,0.2472955577271448,0.3027692911785372,0.5530524708484446,0.5784217778697811,0.4317370207619788,0.4677182376300913,-28,17.695105135411957,"Product correspondence, not reference-based accuracy",no_reference_overlap_with_published_v1_training_footprints
nl_bollenstreek_2025,Netherlands,combined,2025,2025,same_nominal_year_geometry_uncertain,whole_aoi,prediction_agreement,15,75,103,20,20,17,0.1,0,0,0.2666666666666666,0.1941747572815534,0.2247191011235955,0.6129826732310982,0.5073918682438128,0.3400532947595338,0.4072010415848522,0.5530524708484446,0.5784217778697811,0.4317370207619788,0.4677182376300913,-28,17.695105135411957,"Product correspondence, not reference-based accuracy",no_reference_overlap_with_published_v1_training_footprints
nl_bollenstreek_2025,Netherlands,combined,2025,2025,same_nominal_year_geometry_uncertain,whole_aoi,prediction_agreement,30,75,103,20,20,17,0.1,0,0,0.2666666666666666,0.1941747572815534,0.2247191011235955,0.6129826732310982,0.7098341403365085,0.5568590734368957,0.6241094171558005,0.5530524708484446,0.5784217778697811,0.4317370207619788,0.4677182376300913,-28,17.695105135411957,"Product correspondence, not reference-based accuracy",no_reference_overlap_with_published_v1_training_footprints
nl_bollenstreek_2025,Netherlands,combined,2025,2025,same_nominal_year_geometry_uncertain,reference_coverage,prediction_agreement,10,62,70,17,15,11,0.1,0,0,0.2741935483870967,0.2428571428571428,0.2575757575757575,0.6193334530868473,0.3885559229229355,0.2241243431555197,0.2842749989703054,0.486879163218287,0.5493913551336128,0.4759875876426012,0.444793438546099,-8,13.2866972758146,"Product correspondence, not reference-based accuracy",no_reference_overlap_with_published_v1_training_footprints
nl_bollenstreek_2025,Netherlands,combined,2025,2025,same_nominal_year_geometry_uncertain,reference_coverage,prediction_agreement,15,62,70,17,15,11,0.1,0,0,0.2741935483870967,0.2428571428571428,0.2575757575757575,0.6193334530868473,0.4849677728006361,0.3044586204057509,0.3740757094487697,0.486879163218287,0.5493913551336128,0.4759875876426012,0.444793438546099,-8,13.2866972758146,"Product correspondence, not reference-based accuracy",no_reference_overlap_with_published_v1_training_footprints
nl_bollenstreek_2025,Netherlands,combined,2025,2025,same_nominal_year_geometry_uncertain,reference_coverage,prediction_agreement,30,62,70,17,15,11,0.1,0,0,0.2741935483870967,0.2428571428571428,0.2575757575757575,0.6193334530868473,0.6505809405595024,0.511761421532904,0.5728815155004662,0.486879163218287,0.5493913551336128,0.4759875876426012,0.444793438546099,-8,13.2866972758146,"Product correspondence, not reference-based accuracy",no_reference_overlap_with_published_v1_training_footprints
nl_bollenstreek_2025,Netherlands,false_color,2025,2025,same_nominal_year_geometry_uncertain,whole_aoi,prediction_agreement,10,51,103,7,15,22,0.1,0,0,0.1372549019607843,0.0679611650485436,0.0909090909090909,0.6181008295110539,0.3003771963430378,0.1413164482917482,0.1922066982427582,0.6521432389152282,0.6711027713782218,0.4901835818172304,0.5720258599067597,-52,-68.21051449652863,"Product correspondence, not reference-based accuracy",no_reference_overlap_with_published_v1_training_footprints
nl_bollenstreek_2025,Netherlands,false_color,2025,2025,same_nominal_year_geometry_uncertain,whole_aoi,prediction_agreement,15,51,103,7,15,22,0.1,0,0,0.1372549019607843,0.0679611650485436,0.0909090909090909,0.6181008295110539,0.4025543036066345,0.2082115055170991,0.2744634239646659,0.6521432389152282,0.6711027713782218,0.4901835818172304,0.5720258599067597,-52,-68.21051449652863,"Product correspondence, not reference-based accuracy",no_reference_overlap_with_published_v1_training_footprints
nl_bollenstreek_2025,Netherlands,false_color,2025,2025,same_nominal_year_geometry_uncertain,whole_aoi,prediction_agreement,30,51,103,7,15,22,0.1,0,0,0.1372549019607843,0.0679611650485436,0.0909090909090909,0.6181008295110539,0.610344301820073,0.3794365481206511,0.4679559825017561,0.6521432389152282,0.6711027713782218,0.4901835818172304,0.5720258599067597,-52,-68.21051449652863,"Product correspondence, not reference-based accuracy",no_reference_overlap_with_published_v1_training_footprints
nl_bollenstreek_2025,Netherlands,false_color,2025,2025,same_nominal_year_geometry_uncertain,reference_coverage,prediction_agreement,10,32,70,5,5,12,0.1,0,0,0.15625,0.0714285714285714,0.0980392156862745,0.6142125615669475,0.3148246392756424,0.1228723410333501,0.1767580869096684,0.6583520724212139,0.6673716354425961,0.4825311289624249,0.5042828576218255,-38,-79.30477778760041,"Product correspondence, not reference-based accuracy",no_reference_overlap_with_published_v1_training_footprints
nl_bollenstreek_2025,Netherlands,false_color,2025,2025,same_nominal_year_geometry_uncertain,reference_coverage,prediction_agreement,15,32,70,5,5,12,0.1,0,0,0.15625,0.0714285714285714,0.0980392156862745,0.6142125615669475,0.4229422201338063,0.1807453887959074,0.2532596491480726,0.6583520724212139,0.6673716354425961,0.4825311289624249,0.5042828576218255,-38,-79.30477778760041,"Product correspondence, not reference-based accuracy",no_reference_overlap_with_published_v1_training_footprints
nl_bollenstreek_2025,Netherlands,false_color,2025,2025,same_nominal_year_geometry_uncertain,reference_coverage,prediction_agreement,30,32,70,5,5,12,0.1,0,0,0.15625,0.0714285714285714,0.0980392156862745,0.6142125615669475,0.6382150946132538,0.3319834410932457,0.436770074308699,0.6583520724212139,0.6673716354425961,0.4825311289624249,0.5042828576218255,-38,-79.30477778760041,"Product correspondence, not reference-based accuracy",no_reference_overlap_with_published_v1_training_footprints
nl_bollenstreek_2025,Netherlands,false_color_15m,2025,2025,same_nominal_year_geometry_uncertain,whole_aoi,prediction_agreement,10,1,103,0,0,1,0.1,0,0,0.0,0.0,0.0,0.0,0.0318098400061892,0.0059009724848255,0.0099551814571987,0.0088483803236517,0.9980972174829464,0.9843552687212638,0.0,-102,1303.770718558851,"Product correspondence, not reference-based accuracy",no_reference_overlap_with_published_v1_training_footprints
nl_bollenstreek_2025,Netherlands,false_color_15m,2025,2025,same_nominal_year_geometry_uncertain,whole_aoi,prediction_agreement,15,1,103,0,0,1,0.1,0,0,0.0,0.0,0.0,0.0,0.0414949757912881,0.0078584092028245,0.0132142709023155,0.0088483803236517,0.9980972174829464,0.9843552687212638,0.0,-102,1303.770718558851,"Product correspondence, not reference-based accuracy",no_reference_overlap_with_published_v1_training_footprints
nl_bollenstreek_2025,Netherlands,false_color_15m,2025,2025,same_nominal_year_geometry_uncertain,whole_aoi,prediction_agreement,30,1,103,0,0,1,0.1,0,0,0.0,0.0,0.0,0.0,0.0600637716496781,0.0144958046085736,0.0233550870748506,0.0088483803236517,0.9980972174829464,0.9843552687212638,0.0,-102,1303.770718558851,"Product correspondence, not reference-based accuracy",no_reference_overlap_with_published_v1_training_footprints
nl_bollenstreek_2025,Netherlands,false_color_15m,2025,2025,same_nominal_year_geometry_uncertain,reference_coverage,prediction_agreement,10,0,70,0,0,0,0.1,0,0,0.0,0.0,0.0,0.0,0.0,0.0,0.0,1.0,,,,-70,-251.2046441508702,"Product correspondence, not reference-based accuracy",no_reference_overlap_with_published_v1_training_footprints
nl_bollenstreek_2025,Netherlands,false_color_15m,2025,2025,same_nominal_year_geometry_uncertain,reference_coverage,prediction_agreement,15,0,70,0,0,0,0.1,0,0,0.0,0.0,0.0,0.0,0.0,0.0,0.0,1.0,,,,-70,-251.2046441508702,"Product correspondence, not reference-based accuracy",no_reference_overlap_with_published_v1_training_footprints
nl_bollenstreek_2025,Netherlands,false_color_15m,2025,2025,same_nominal_year_geometry_uncertain,reference_coverage,prediction_agreement,30,0,70,0,0,0,0.1,0,0,0.0,0.0,0.0,0.0,0.0,0.0,0.0,1.0,,,,-70,-251.2046441508702,"Product correspondence, not reference-based accuracy",no_reference_overlap_with_published_v1_training_footprints
nl_bollenstreek_2025,Netherlands,pan_nir_red,2025,2025,same_nominal_year_geometry_uncertain,whole_aoi,prediction_agreement,10,116,103,20,28,23,0.1,0,0,0.1724137931034483,0.1941747572815534,0.182648401826484,0.6389142895892378,0.345121380200616,0.2960622426301919,0.3187149707620761,0.4917695229553288,0.5080092853240804,0.4743347498985692,0.5198417040416146,13,77.86881696920297,"Product correspondence, not reference-based accuracy",no_reference_overlap_with_published_v1_training_footprints
nl_bollenstreek_2025,Netherlands,pan_nir_red,2025,2025,same_nominal_year_geometry_uncertain,whole_aoi,prediction_agreement,15,116,103,20,28,23,0.1,0,0,0.1724137931034483,0.1941747572815534,0.182648401826484,0.6389142895892378,0.4538421943474425,0.4070353758364636,0.4291663171272856,0.4917695229553288,0.5080092853240804,0.4743347498985692,0.5198417040416146,13,77.86881696920297,"Product correspondence, not reference-based accuracy",no_reference_overlap_with_published_v1_training_footprints
nl_bollenstreek_2025,Netherlands,pan_nir_red,2025,2025,same_nominal_year_geometry_uncertain,whole_aoi,prediction_agreement,30,116,103,20,28,23,0.1,0,0,0.1724137931034483,0.1941747572815534,0.182648401826484,0.6389142895892378,0.639379223272864,0.6454076705999684,0.6423793036659061,0.4917695229553288,0.5080092853240804,0.4743347498985692,0.5198417040416146,13,77.86881696920297,"Product correspondence, not reference-based accuracy",no_reference_overlap_with_published_v1_training_footprints
nl_bollenstreek_2025,Netherlands,pan_nir_red,2025,2025,same_nominal_year_geometry_uncertain,reference_coverage,prediction_agreement,10,83,70,18,18,11,0.1,0,0,0.216867469879518,0.2571428571428571,0.2352941176470588,0.6277011865604765,0.3883651103547178,0.2921852196685223,0.3334787746755132,0.4650488907971969,0.4658990680764783,0.4570446167634713,0.5019795307088192,13,25.01539298137473,"Product correspondence, not reference-based accuracy",no_reference_overlap_with_published_v1_training_footprints
nl_bollenstreek_2025,Netherlands,pan_nir_red,2025,2025,same_nominal_year_geometry_uncertain,reference_coverage,prediction_agreement,15,83,70,18,18,11,0.1,0,0,0.216867469879518,0.2571428571428571,0.2352941176470588,0.6277011865604765,0.502697374445908,0.3924154081245012,0.4407627713456081,0.4650488907971969,0.4658990680764783,0.4570446167634713,0.5019795307088192,13,25.01539298137473,"Product correspondence, not reference-based accuracy",no_reference_overlap_with_published_v1_training_footprints
nl_bollenstreek_2025,Netherlands,pan_nir_red,2025,2025,same_nominal_year_geometry_uncertain,reference_coverage,prediction_agreement,30,83,70,18,18,11,0.1,0,0,0.216867469879518,0.2571428571428571,0.2352941176470588,0.6277011865604765,0.6951573999222136,0.6202674743917611,0.6555806160794508,0.4650488907971969,0.4658990680764783,0.4570446167634713,0.5019795307088192,13,25.01539298137473,"Product correspondence, not reference-based accuracy",no_reference_overlap_with_published_v1_training_footprints
nl_bollenstreek_2025,Netherlands,coarse_pan_nir_red,2025,2025,same_nominal_year_geometry_uncertain,whole_aoi,prediction_agreement,10,13,103,5,2,3,0.1,0,0,0.3846153846153846,0.0485436893203883,0.0862068965517241,0.7094261102557828,0.4469092406252734,0.0742719573456713,0.1273753703561544,0.9273071049663084,0.6063268167101442,0.2519654719161324,0.5205319763833995,-90,-226.063259874376,"Product correspondence, not reference-based accuracy",no_reference_overlap_with_published_v1_training_footprints
nl_bollenstreek_2025,Netherlands,coarse_pan_nir_red,2025,2025,same_nominal_year_geometry_uncertain,whole_aoi,prediction_agreement,15,13,103,5,2,3,0.1,0,0,0.3846153846153846,0.0485436893203883,0.0862068965517241,0.7094261102557828,0.581832426387929,0.1080648469529733,0.1822753460247975,0.9273071049663084,0.6063268167101442,0.2519654719161324,0.5205319763833995,-90,-226.063259874376,"Product correspondence, not reference-based accuracy",no_reference_overlap_with_published_v1_training_footprints
nl_bollenstreek_2025,Netherlands,coarse_pan_nir_red,2025,2025,same_nominal_year_geometry_uncertain,whole_aoi,prediction_agreement,30,13,103,5,2,3,0.1,0,0,0.3846153846153846,0.0485436893203883,0.0862068965517241,0.7094261102557828,0.8103135540592852,0.1858083047161098,0.3022983311566711,0.9273071049663084,0.6063268167101442,0.2519654719161324,0.5205319763833995,-90,-226.063259874376,"Product correspondence, not reference-based accuracy",no_reference_overlap_with_published_v1_training_footprints
nl_bollenstreek_2025,Netherlands,coarse_pan_nir_red,2025,2025,same_nominal_year_geometry_uncertain,reference_coverage,prediction_agreement,10,9,70,3,1,3,0.1,0,0,0.3333333333333333,0.0428571428571428,0.0759493670886076,0.7119447259263169,0.4678855811379855,0.0726918268657653,0.1258338108603844,0.921904789185066,0.6287713852257905,0.3769462927534941,0.5535618684064294,-61,-182.7240880852641,"Product correspondence, not reference-based accuracy",no_reference_overlap_with_published_v1_training_footprints
nl_bollenstreek_2025,Netherlands,coarse_pan_nir_red,2025,2025,same_nominal_year_geometry_uncertain,reference_coverage,prediction_agreement,15,9,70,3,1,3,0.1,0,0,0.3333333333333333,0.0428571428571428,0.0759493670886076,0.7119447259263169,0.5923725148891861,0.0994976632631621,0.1703778624197858,0.921904789185066,0.6287713852257905,0.3769462927534941,0.5535618684064294,-61,-182.7240880852641,"Product correspondence, not reference-based accuracy",no_reference_overlap_with_published_v1_training_footprints
nl_bollenstreek_2025,Netherlands,coarse_pan_nir_red,2025,2025,same_nominal_year_geometry_uncertain,reference_coverage,prediction_agreement,30,9,70,3,1,3,0.1,0,0,0.3333333333333333,0.0428571428571428,0.0759493670886076,0.7119447259263169,0.7549062728379166,0.1710380594782124,0.2788886966264076,0.921904789185066,0.6287713852257905,0.3769462927534941,0.5535618684064294,-61,-182.7240880852641,"Product correspondence, not reference-based accuracy",no_reference_overlap_with_published_v1_training_footprints
nl_bollenstreek_2025,Netherlands,hybrid,2025,2025,same_nominal_year_geometry_uncertain,whole_aoi,prediction_agreement,10,106,103,17,19,13,0.1,0,0,0.160377358490566,0.1650485436893204,0.1626794258373205,0.609163643813173,0.3558760753285947,0.2787975064244301,0.3126563488704781,0.5449732371176611,0.5281459804465632,0.4334449349537341,0.5580003097553101,3,40.49905633383565,"Product correspondence, not reference-based accuracy",no_reference_overlap_with_published_v1_training_footprints
nl_bollenstreek_2025,Netherlands,hybrid,2025,2025,same_nominal_year_geometry_uncertain,whole_aoi,prediction_agreement,15,106,103,17,19,13,0.1,0,0,0.160377358490566,0.1650485436893204,0.1626794258373205,0.609163643813173,0.4690134591129578,0.3896454541451721,0.4256613643777052,0.5449732371176611,0.5281459804465632,0.4334449349537341,0.5580003097553101,3,40.49905633383565,"Product correspondence, not reference-based accuracy",no_reference_overlap_with_published_v1_training_footprints
nl_bollenstreek_2025,Netherlands,hybrid,2025,2025,same_nominal_year_geometry_uncertain,whole_aoi,prediction_agreement,30,106,103,17,19,13,0.1,0,0,0.160377358490566,0.1650485436893204,0.1626794258373205,0.609163643813173,0.6637369692455926,0.6070467969602791,0.6341273974684782,0.5449732371176611,0.5281459804465632,0.4334449349537341,0.5580003097553101,3,40.49905633383565,"Product correspondence, not reference-based accuracy",no_reference_overlap_with_published_v1_training_footprints
nl_bollenstreek_2025,Netherlands,hybrid,2025,2025,same_nominal_year_geometry_uncertain,reference_coverage,prediction_agreement,10,79,70,14,13,7,0.1,0,0,0.1772151898734177,0.2,0.1879194630872483,0.595369552163852,0.3732004391208902,0.2649766184943461,0.3099120822311981,0.5094870033011246,0.5159578708540717,0.437083842130349,0.5442343962244887,9,9.887108936636196,"Product correspondence, not reference-based accuracy",no_reference_overlap_with_published_v1_training_footprints
nl_bollenstreek_2025,Netherlands,hybrid,2025,2025,same_nominal_year_geometry_uncertain,reference_coverage,prediction_agreement,15,79,70,14,13,7,0.1,0,0,0.1772151898734177,0.2,0.1879194630872483,0.595369552163852,0.4938744851018111,0.3699638266408998,0.423032162164604,0.5094870033011246,0.5159578708540717,0.437083842130349,0.5442343962244887,9,9.887108936636196,"Product correspondence, not reference-based accuracy",no_reference_overlap_with_published_v1_training_footprints
nl_bollenstreek_2025,Netherlands,hybrid,2025,2025,same_nominal_year_geometry_uncertain,reference_coverage,prediction_agreement,30,79,70,14,13,7,0.1,0,0,0.1772151898734177,0.2,0.1879194630872483,0.595369552163852,0.6906040360353244,0.5914161020149195,0.6371730597757203,0.5094870033011246,0.5159578708540717,0.437083842130349,0.5442343962244887,9,9.887108936636196,"Product correspondence, not reference-based accuracy",no_reference_overlap_with_published_v1_training_footprints
qc_yamaska_2024,Canada,pan,2024,2024,same_nominal_year_geometry_uncertain,whole_aoi,prediction_agreement,10,60,38,9,15,6,0.1,0,0,0.15,0.2368421052631578,0.1836734693877551,0.7432165567224095,0.4391471939644653,0.3431925942207383,0.3852854399519418,0.5087132414584427,0.3430690027191234,0.2595486636003159,0.6989196652944365,22,-11.144443419136852,"Product correspondence, not reference-based accuracy",not_in_published_v1_country_inventory
qc_yamaska_2024,Canada,pan,2024,2024,same_nominal_year_geometry_uncertain,whole_aoi,prediction_agreement,15,60,38,9,15,6,0.1,0,0,0.15,0.2368421052631578,0.1836734693877551,0.7432165567224095,0.5532698397547005,0.4508075826923436,0.4968107706844715,0.5087132414584427,0.3430690027191234,0.2595486636003159,0.6989196652944365,22,-11.144443419136852,"Product correspondence, not reference-based accuracy",not_in_published_v1_country_inventory
qc_yamaska_2024,Canada,pan,2024,2024,same_nominal_year_geometry_uncertain,whole_aoi,prediction_agreement,30,60,38,9,15,6,0.1,0,0,0.15,0.2368421052631578,0.1836734693877551,0.7432165567224095,0.7725836267100736,0.6470735443964747,0.7042804922942206,0.5087132414584427,0.3430690027191234,0.2595486636003159,0.6989196652944365,22,-11.144443419136852,"Product correspondence, not reference-based accuracy",not_in_published_v1_country_inventory
qc_yamaska_2024,Canada,pan,2024,2024,same_nominal_year_geometry_uncertain,reference_coverage,prediction_agreement,10,15,8,4,2,0,0.1,0,0,0.2666666666666666,0.5,0.3478260869565218,0.7184294931704269,0.2375688180421267,0.2189252227260067,0.2278663104346812,0.5026085381096743,0.1013677657658105,0.473535610198579,0.5809874205927467,7,-122.00930762522042,"Product correspondence, not reference-based accuracy",not_in_published_v1_country_inventory
qc_yamaska_2024,Canada,pan,2024,2024,same_nominal_year_geometry_uncertain,reference_coverage,prediction_agreement,15,15,8,4,2,0,0.1,0,0,0.2666666666666666,0.5,0.3478260869565218,0.7184294931704269,0.3172853033837,0.3108849394387323,0.3140525150763125,0.5026085381096743,0.1013677657658105,0.473535610198579,0.5809874205927467,7,-122.00930762522042,"Product correspondence, not reference-based accuracy",not_in_published_v1_country_inventory
qc_yamaska_2024,Canada,pan,2024,2024,same_nominal_year_geometry_uncertain,reference_coverage,prediction_agreement,30,15,8,4,2,0,0.1,0,0,0.2666666666666666,0.5,0.3478260869565218,0.7184294931704269,0.478069039721967,0.4854105822031201,0.4817118403419014,0.5026085381096743,0.1013677657658105,0.473535610198579,0.5809874205927467,7,-122.00930762522042,"Product correspondence, not reference-based accuracy",not_in_published_v1_country_inventory
qc_yamaska_2024,Canada,sr,2024,2024,same_nominal_year_geometry_uncertain,whole_aoi,prediction_agreement,10,21,38,5,6,10,0.1,0,0,0.238095238095238,0.131578947368421,0.1694915254237288,0.6116210926232029,0.3078853544388045,0.1086958235650644,0.1606690553073275,0.7079597950018119,0.5293278512721965,0.2699900030302773,0.6440020264381973,-17,-382.8810236914251,"Product correspondence, not reference-based accuracy",not_in_published_v1_country_inventory
qc_yamaska_2024,Canada,sr,2024,2024,same_nominal_year_geometry_uncertain,whole_aoi,prediction_agreement,15,21,38,5,6,10,0.1,0,0,0.238095238095238,0.131578947368421,0.1694915254237288,0.6116210926232029,0.4082312681444996,0.160185124530584,0.2300868777455699,0.7079597950018119,0.5293278512721965,0.2699900030302773,0.6440020264381973,-17,-382.8810236914251,"Product correspondence, not reference-based accuracy",not_in_published_v1_country_inventory
qc_yamaska_2024,Canada,sr,2024,2024,same_nominal_year_geometry_uncertain,whole_aoi,prediction_agreement,30,21,38,5,6,10,0.1,0,0,0.238095238095238,0.131578947368421,0.1694915254237288,0.6116210926232029,0.6368180253708632,0.2922096226474194,0.4006002518560839,0.7079597950018119,0.5293278512721965,0.2699900030302773,0.6440020264381973,-17,-382.8810236914251,"Product correspondence, not reference-based accuracy",not_in_published_v1_country_inventory
qc_yamaska_2024,Canada,sr,2024,2024,same_nominal_year_geometry_uncertain,reference_coverage,prediction_agreement,10,5,8,1,0,1,0.1,0,0,0.2,0.125,0.1538461538461538,0.5018615350613134,0.0874065594308549,0.0213994695066205,0.0343814404676792,0.8396347607139183,0.6602418265016321,0.6879182839513831,0.6379054137217358,-3,-224.03920702766268,"Product correspondence, not reference-based accuracy",not_in_published_v1_country_inventory
qc_yamaska_2024,Canada,sr,2024,2024,same_nominal_year_geometry_uncertain,reference_coverage,prediction_agreement,15,5,8,1,0,1,0.1,0,0,0.2,0.125,0.1538461538461538,0.5018615350613134,0.1307804391927503,0.0331882426561377,0.0529414873823931,0.8396347607139183,0.6602418265016321,0.6879182839513831,0.6379054137217358,-3,-224.03920702766268,"Product correspondence, not reference-based accuracy",not_in_published_v1_country_inventory
qc_yamaska_2024,Canada,sr,2024,2024,same_nominal_year_geometry_uncertain,reference_coverage,prediction_agreement,30,5,8,1,0,1,0.1,0,0,0.2,0.125,0.1538461538461538,0.5018615350613134,0.2475494670752663,0.0596366130493456,0.0961177132280907,0.8396347607139183,0.6602418265016321,0.6879182839513831,0.6379054137217358,-3,-224.03920702766268,"Product correspondence, not reference-based accuracy",not_in_published_v1_country_inventory
qc_yamaska_2024,Canada,combined,2024,2024,same_nominal_year_geometry_uncertain,whole_aoi,prediction_agreement,10,35,38,7,11,7,0.1,0,0,0.2,0.1842105263157894,0.1917808219178082,0.6853861525732963,0.465661131376803,0.26434785858368,0.3372465944885829,0.4895558312553674,0.561817026198575,0.2930226164324396,0.6367003148163077,-3,-210.5255571882082,"Product correspondence, not reference-based accuracy",not_in_published_v1_country_inventory
qc_yamaska_2024,Canada,combined,2024,2024,same_nominal_year_geometry_uncertain,whole_aoi,prediction_agreement,15,35,38,7,11,7,0.1,0,0,0.2,0.1842105263157894,0.1917808219178082,0.6853861525732963,0.572712955296862,0.3564867279599477,0.4394417500842467,0.4895558312553674,0.561817026198575,0.2930226164324396,0.6367003148163077,-3,-210.5255571882082,"Product correspondence, not reference-based accuracy",not_in_published_v1_country_inventory
qc_yamaska_2024,Canada,combined,2024,2024,same_nominal_year_geometry_uncertain,whole_aoi,prediction_agreement,30,35,38,7,11,7,0.1,0,0,0.2,0.1842105263157894,0.1917808219178082,0.6853861525732963,0.7507348451529559,0.5142696943906857,0.6104012551994954,0.4895558312553674,0.561817026198575,0.2930226164324396,0.6367003148163077,-3,-210.5255571882082,"Product correspondence, not reference-based accuracy",not_in_published_v1_country_inventory
qc_yamaska_2024,Canada,combined,2024,2024,same_nominal_year_geometry_uncertain,reference_coverage,prediction_agreement,10,11,8,3,1,0,0.1,0,0,0.2727272727272727,0.375,0.3157894736842105,0.7271616582244347,0.3553226155889508,0.2686975439176958,0.3059975311779834,0.6399493004087701,0.268614128622628,0.5198767880066556,0.4674884225668045,3,-136.29833233058852,"Product correspondence, not reference-based accuracy",not_in_published_v1_country_inventory
qc_yamaska_2024,Canada,combined,2024,2024,same_nominal_year_geometry_uncertain,reference_coverage,prediction_agreement,15,11,8,3,1,0,0.1,0,0,0.2727272727272727,0.375,0.3157894736842105,0.7271616582244347,0.4248928009788402,0.3375725263979506,0.3762325475656632,0.6399493004087701,0.268614128622628,0.5198767880066556,0.4674884225668045,3,-136.29833233058852,"Product correspondence, not reference-based accuracy",not_in_published_v1_country_inventory
qc_yamaska_2024,Canada,combined,2024,2024,same_nominal_year_geometry_uncertain,reference_coverage,prediction_agreement,30,11,8,3,1,0,0.1,0,0,0.2727272727272727,0.375,0.3157894736842105,0.7271616582244347,0.5286436122559034,0.4498589407057268,0.4860795808871335,0.6399493004087701,0.268614128622628,0.5198767880066556,0.4674884225668045,3,-136.29833233058852,"Product correspondence, not reference-based accuracy",not_in_published_v1_country_inventory
qc_yamaska_2024,Canada,false_color,2024,2024,same_nominal_year_geometry_uncertain,whole_aoi,prediction_agreement,10,37,38,5,14,7,0.1,0,0,0.1351351351351351,0.131578947368421,0.1333333333333333,0.5901107379720314,0.2353122866058783,0.1046412920916437,0.1448632004982495,0.6961744231671991,0.4352077868773535,0.274954981595299,0.6926826119372886,-1,-395.7529611094756,"Product correspondence, not reference-based accuracy",not_in_published_v1_country_inventory
qc_yamaska_2024,Canada,false_color,2024,2024,same_nominal_year_geometry_uncertain,whole_aoi,prediction_agreement,15,37,38,5,14,7,0.1,0,0,0.1351351351351351,0.131578947368421,0.1333333333333333,0.5901107379720314,0.3187930801782366,0.1597704791562272,0.2128608506782243,0.6961744231671991,0.4352077868773535,0.274954981595299,0.6926826119372886,-1,-395.7529611094756,"Product correspondence, not reference-based accuracy",not_in_published_v1_country_inventory
qc_yamaska_2024,Canada,false_color,2024,2024,same_nominal_year_geometry_uncertain,whole_aoi,prediction_agreement,30,37,38,5,14,7,0.1,0,0,0.1351351351351351,0.131578947368421,0.1333333333333333,0.5901107379720314,0.5189466324517586,0.3084604399363709,0.3869304768873866,0.6961744231671991,0.4352077868773535,0.274954981595299,0.6926826119372886,-1,-395.7529611094756,"Product correspondence, not reference-based accuracy",not_in_published_v1_country_inventory
qc_yamaska_2024,Canada,false_color,2024,2024,same_nominal_year_geometry_uncertain,reference_coverage,prediction_agreement,10,11,8,1,2,2,0.1,0,0,0.0909090909090909,0.125,0.1052631578947368,0.50682214524796,0.0926666761448676,0.0767469183272892,0.0839588091842341,0.7121145165388048,0.4573067755312971,0.4770380831367767,0.6633530754094091,3,-154.09913206649108,"Product correspondence, not reference-based accuracy",not_in_published_v1_country_inventory
qc_yamaska_2024,Canada,false_color,2024,2024,same_nominal_year_geometry_uncertain,reference_coverage,prediction_agreement,15,11,8,1,2,2,0.1,0,0,0.0909090909090909,0.125,0.1052631578947368,0.50682214524796,0.1338657283014311,0.1138188723380753,0.1230310338280579,0.7121145165388048,0.4573067755312971,0.4770380831367767,0.6633530754094091,3,-154.09913206649108,"Product correspondence, not reference-based accuracy",not_in_published_v1_country_inventory
qc_yamaska_2024,Canada,false_color,2024,2024,same_nominal_year_geometry_uncertain,reference_coverage,prediction_agreement,30,11,8,1,2,2,0.1,0,0,0.0909090909090909,0.125,0.1052631578947368,0.50682214524796,0.2628851470566107,0.2224026051744572,0.2409553560676799,0.7121145165388048,0.4573067755312971,0.4770380831367767,0.6633530754094091,3,-154.09913206649108,"Product correspondence, not reference-based accuracy",not_in_published_v1_country_inventory
qc_yamaska_2024,Canada,false_color_15m,2024,2024,same_nominal_year_geometry_uncertain,whole_aoi,prediction_agreement,10,57,38,3,6,4,0.1,0,0,0.0526315789473684,0.0789473684210526,0.0631578947368421,0.5708750181610305,0.2422054546206235,0.0783894563937584,0.1184445121929091,0.8691609125108615,0.4871453347344526,0.5307889471713615,0.8695842330160638,19,-564.1888493746408,"Product correspondence, not reference-based accuracy",not_in_published_v1_country_inventory
qc_yamaska_2024,Canada,false_color_15m,2024,2024,same_nominal_year_geometry_uncertain,whole_aoi,prediction_agreement,15,57,38,3,6,4,0.1,0,0,0.0526315789473684,0.0789473684210526,0.0631578947368421,0.5708750181610305,0.3182480010544883,0.1133411980972756,0.1671525135590564,0.8691609125108615,0.4871453347344526,0.5307889471713615,0.8695842330160638,19,-564.1888493746408,"Product correspondence, not reference-based accuracy",not_in_published_v1_country_inventory
qc_yamaska_2024,Canada,false_color_15m,2024,2024,same_nominal_year_geometry_uncertain,whole_aoi,prediction_agreement,30,57,38,3,6,4,0.1,0,0,0.0526315789473684,0.0789473684210526,0.0631578947368421,0.5708750181610305,0.4787886354969728,0.1751373680839864,0.2564625998362869,0.8691609125108615,0.4871453347344526,0.5307889471713615,0.8695842330160638,19,-564.1888493746408,"Product correspondence, not reference-based accuracy",not_in_published_v1_country_inventory
qc_yamaska_2024,Canada,false_color_15m,2024,2024,same_nominal_year_geometry_uncertain,reference_coverage,prediction_agreement,10,13,8,2,0,0,0.1,0,0,0.1538461538461538,0.25,0.1904761904761905,0.5996277608022399,0.0649979541143848,0.0273931923892559,0.0385426857300274,0.8350419741305455,0.4161820620159144,0.8663942658576222,0.3417078260734317,5,-257.4788131156414,"Product correspondence, not reference-based accuracy",not_in_published_v1_country_inventory
qc_yamaska_2024,Canada,false_color_15m,2024,2024,same_nominal_year_geometry_uncertain,reference_coverage,prediction_agreement,15,13,8,2,0,0,0.1,0,0,0.1538461538461538,0.25,0.1904761904761905,0.5996277608022399,0.0810627859632673,0.0366991114407632,0.0505245292636201,0.8350419741305455,0.4161820620159144,0.8663942658576222,0.3417078260734317,5,-257.4788131156414,"Product correspondence, not reference-based accuracy",not_in_published_v1_country_inventory
qc_yamaska_2024,Canada,false_color_15m,2024,2024,same_nominal_year_geometry_uncertain,reference_coverage,prediction_agreement,30,13,8,2,0,0,0.1,0,0,0.1538461538461538,0.25,0.1904761904761905,0.5996277608022399,0.1222351980321809,0.0586709055383097,0.079285879422064,0.8350419741305455,0.4161820620159144,0.8663942658576222,0.3417078260734317,5,-257.4788131156414,"Product correspondence, not reference-based accuracy",not_in_published_v1_country_inventory
qc_yamaska_2024,Canada,pan_nir_red,2024,2024,same_nominal_year_geometry_uncertain,whole_aoi,prediction_agreement,10,34,38,6,8,7,0.1,0,0,0.1764705882352941,0.1578947368421052,0.1666666666666666,0.6058652252031461,0.3958586668721805,0.2178709950361579,0.2810557383749522,0.6159013330179586,0.5169888996297071,0.3607550309534765,0.6592952238960595,-4,-72.67118867575581,"Product correspondence, not reference-based accuracy",not_in_published_v1_country_inventory
qc_yamaska_2024,Canada,pan_nir_red,2024,2024,same_nominal_year_geometry_uncertain,whole_aoi,prediction_agreement,15,34,38,6,8,7,0.1,0,0,0.1764705882352941,0.1578947368421052,0.1666666666666666,0.6058652252031461,0.4893374413239097,0.2915474693972357,0.3653933908584641,0.6159013330179586,0.5169888996297071,0.3607550309534765,0.6592952238960595,-4,-72.67118867575581,"Product correspondence, not reference-based accuracy",not_in_published_v1_country_inventory
qc_yamaska_2024,Canada,pan_nir_red,2024,2024,same_nominal_year_geometry_uncertain,whole_aoi,prediction_agreement,30,34,38,6,8,7,0.1,0,0,0.1764705882352941,0.1578947368421052,0.1666666666666666,0.6058652252031461,0.6712135057361207,0.4403499183823473,0.5318073733893008,0.6159013330179586,0.5169888996297071,0.3607550309534765,0.6592952238960595,-4,-72.67118867575581,"Product correspondence, not reference-based accuracy",not_in_published_v1_country_inventory
qc_yamaska_2024,Canada,pan_nir_red,2024,2024,same_nominal_year_geometry_uncertain,reference_coverage,prediction_agreement,10,10,8,2,1,1,0.1,0,0,0.2,0.25,0.2222222222222222,0.7347709134230258,0.3482919909599867,0.2379300714395807,0.2827226868662614,0.5467609329958533,0.5476335822012937,0.6513295232693346,0.4080588826262502,2,17.127071508987342,"Product correspondence, not reference-based accuracy",not_in_published_v1_country_inventory
qc_yamaska_2024,Canada,pan_nir_red,2024,2024,same_nominal_year_geometry_uncertain,reference_coverage,prediction_agreement,15,10,8,2,1,1,0.1,0,0,0.2,0.25,0.2222222222222222,0.7347709134230258,0.4332988425046826,0.3008628160384717,0.3551357073069112,0.5467609329958533,0.5476335822012937,0.6513295232693346,0.4080588826262502,2,17.127071508987342,"Product correspondence, not reference-based accuracy",not_in_published_v1_country_inventory
qc_yamaska_2024,Canada,pan_nir_red,2024,2024,same_nominal_year_geometry_uncertain,reference_coverage,prediction_agreement,30,10,8,2,1,1,0.1,0,0,0.2,0.25,0.2222222222222222,0.7347709134230258,0.5572023001433333,0.3757598347007304,0.4488376031074846,0.5467609329958533,0.5476335822012937,0.6513295232693346,0.4080588826262502,2,17.127071508987342,"Product correspondence, not reference-based accuracy",not_in_published_v1_country_inventory
qc_yamaska_2024,Canada,coarse_pan_nir_red,2024,2024,same_nominal_year_geometry_uncertain,whole_aoi,prediction_agreement,10,74,38,3,9,7,0.1,0,0,0.0405405405405405,0.0789473684210526,0.0535714285714285,0.5485607382928754,0.2940583765202376,0.1487845803231677,0.1975930810910316,0.720708900506034,0.4473613716052559,0.4483675150838552,0.8500885753326521,36,-317.2385678744525,"Product correspondence, not reference-based accuracy",not_in_published_v1_country_inventory
qc_yamaska_2024,Canada,coarse_pan_nir_red,2024,2024,same_nominal_year_geometry_uncertain,whole_aoi,prediction_agreement,15,74,38,3,9,7,0.1,0,0,0.0405405405405405,0.0789473684210526,0.0535714285714285,0.5485607382928754,0.3804250066636608,0.2026491701508656,0.2644356926461907,0.720708900506034,0.4473613716052559,0.4483675150838552,0.8500885753326521,36,-317.2385678744525,"Product correspondence, not reference-based accuracy",not_in_published_v1_country_inventory
qc_yamaska_2024,Canada,coarse_pan_nir_red,2024,2024,same_nominal_year_geometry_uncertain,whole_aoi,prediction_agreement,30,74,38,3,9,7,0.1,0,0,0.0405405405405405,0.0789473684210526,0.0535714285714285,0.5485607382928754,0.5707600830291775,0.3282671389023815,0.4168100250693793,0.720708900506034,0.4473613716052559,0.4483675150838552,0.8500885753326521,36,-317.2385678744525,"Product correspondence, not reference-based accuracy",not_in_published_v1_country_inventory
qc_yamaska_2024,Canada,coarse_pan_nir_red,2024,2024,same_nominal_year_geometry_uncertain,reference_coverage,prediction_agreement,10,16,8,0,1,1,0.1,0,0,0.0,0.0,0.0,0.0,0.1983789721277582,0.1535587896507244,0.1731148979191799,0.6409204321197307,0.5241574788661837,0.7704991978321948,0.5985680579738866,8,-60.93583359401631,"Product correspondence, not reference-based accuracy",not_in_published_v1_country_inventory
qc_yamaska_2024,Canada,coarse_pan_nir_red,2024,2024,same_nominal_year_geometry_uncertain,reference_coverage,prediction_agreement,15,16,8,0,1,1,0.1,0,0,0.0,0.0,0.0,0.0,0.2391729785095303,0.1836072467030919,0.2077386284934576,0.6409204321197307,0.5241574788661837,0.7704991978321948,0.5985680579738866,8,-60.93583359401631,"Product correspondence, not reference-based accuracy",not_in_published_v1_country_inventory
qc_yamaska_2024,Canada,coarse_pan_nir_red,2024,2024,same_nominal_year_geometry_uncertain,reference_coverage,prediction_agreement,30,16,8,0,1,1,0.1,0,0,0.0,0.0,0.0,0.0,0.2973900318328496,0.2287147798950954,0.2585701333931851,0.6409204321197307,0.5241574788661837,0.7704991978321948,0.5985680579738866,8,-60.93583359401631,"Product correspondence, not reference-based accuracy",not_in_published_v1_country_inventory
qc_yamaska_2024,Canada,hybrid,2024,2024,same_nominal_year_geometry_uncertain,whole_aoi,prediction_agreement,10,45,38,10,12,7,0.1,0,0,0.2222222222222222,0.2631578947368421,0.2409638554216867,0.6887452460676661,0.4191854311400044,0.2694690947050803,0.3280527881646884,0.5709670419289862,0.3877178095437856,0.3505241794076348,0.6610695798874293,7,-184.1949781754913,"Product correspondence, not reference-based accuracy",not_in_published_v1_country_inventory
qc_yamaska_2024,Canada,hybrid,2024,2024,same_nominal_year_geometry_uncertain,whole_aoi,prediction_agreement,15,45,38,10,12,7,0.1,0,0,0.2222222222222222,0.2631578947368421,0.2409638554216867,0.6887452460676661,0.5265761911513942,0.3654932276953437,0.4314911545342614,0.5709670419289862,0.3877178095437856,0.3505241794076348,0.6610695798874293,7,-184.1949781754913,"Product correspondence, not reference-based accuracy",not_in_published_v1_country_inventory
qc_yamaska_2024,Canada,hybrid,2024,2024,same_nominal_year_geometry_uncertain,whole_aoi,prediction_agreement,30,45,38,10,12,7,0.1,0,0,0.2222222222222222,0.2631578947368421,0.2409638554216867,0.6887452460676661,0.7246313547205396,0.530320327183634,0.6124327217759131,0.5709670419289862,0.3877178095437856,0.3505241794076348,0.6610695798874293,7,-184.1949781754913,"Product correspondence, not reference-based accuracy",not_in_published_v1_country_inventory
qc_yamaska_2024,Canada,hybrid,2024,2024,same_nominal_year_geometry_uncertain,reference_coverage,prediction_agreement,10,13,8,4,1,0,0.1,0,0,0.3076923076923077,0.5,0.380952380952381,0.6771521992422059,0.2200489174427284,0.1459258067713563,0.1754810574743944,0.5638689765976166,0.3018098303542229,0.6103703055032463,0.3634540004011916,5,-166.43037510082658,"Product correspondence, not reference-based accuracy",not_in_published_v1_country_inventory
qc_yamaska_2024,Canada,hybrid,2024,2024,same_nominal_year_geometry_uncertain,reference_coverage,prediction_agreement,15,13,8,4,1,0,0.1,0,0,0.3076923076923077,0.5,0.380952380952381,0.6771521992422059,0.2804734052715473,0.1938347310719674,0.2292412164917004,0.5638689765976166,0.3018098303542229,0.6103703055032463,0.3634540004011916,5,-166.43037510082658,"Product correspondence, not reference-based accuracy",not_in_published_v1_country_inventory
qc_yamaska_2024,Canada,hybrid,2024,2024,same_nominal_year_geometry_uncertain,reference_coverage,prediction_agreement,30,13,8,4,1,0,0.1,0,0,0.3076923076923077,0.5,0.380952380952381,0.6771521992422059,0.4227740868667535,0.2937004368299646,0.3466108839501887,0.5638689765976166,0.3018098303542229,0.6103703055032463,0.3634540004011916,5,-166.43037510082658,"Product correspondence, not reference-based accuracy",not_in_published_v1_country_inventory
vn_mekong_adjacent_2024,Vietnam,pan,2024,2024,reference_year_mismatch,whole_aoi,prediction_agreement,10,42,8,3,4,0,0.1,0,0,0.0714285714285714,0.375,0.12,0.6492950590127813,0.3381934663941744,0.2411711263271543,0.2815584529377645,0.6321124104435558,0.1155891766652671,0.3220025443603309,0.8800405657030502,34,-59.80745049154928,"Product correspondence, not reference-based accuracy",overlap_with_published_v1_training_footprints
vn_mekong_adjacent_2024,Vietnam,pan,2024,2024,reference_year_mismatch,whole_aoi,prediction_agreement,15,42,8,3,4,0,0.1,0,0,0.0714285714285714,0.375,0.12,0.6492950590127813,0.4331483946195288,0.3297927702480326,0.3744697902487921,0.6321124104435558,0.1155891766652671,0.3220025443603309,0.8800405657030502,34,-59.80745049154928,"Product correspondence, not reference-based accuracy",overlap_with_published_v1_training_footprints
vn_mekong_adjacent_2024,Vietnam,pan,2024,2024,reference_year_mismatch,whole_aoi,prediction_agreement,30,42,8,3,4,0,0.1,0,0,0.0714285714285714,0.375,0.12,0.6492950590127813,0.6084266381581929,0.4797048315859055,0.5364520852589515,0.6321124104435558,0.1155891766652671,0.3220025443603309,0.8800405657030502,34,-59.80745049154928,"Product correspondence, not reference-based accuracy",overlap_with_published_v1_training_footprints
vn_mekong_adjacent_2024,Vietnam,pan,2024,2024,reference_year_mismatch,reference_coverage,prediction_agreement,10,41,8,3,3,0,0.1,0,0,0.073170731707317,0.375,0.1224489795918367,0.6492950590127813,0.3436802396308088,0.3966636390764593,0.3682760361810981,0.6321124104435558,0.1155891766652671,0.327946736833595,0.8817834632324912,33,-60.82060271192196,"Product correspondence, not reference-based accuracy",overlap_with_published_v1_training_footprints
vn_mekong_adjacent_2024,Vietnam,pan,2024,2024,reference_year_mismatch,reference_coverage,prediction_agreement,15,41,8,3,3,0,0.1,0,0,0.073170731707317,0.375,0.1224489795918367,0.6492950590127813,0.4362014981960477,0.535320396264057,0.4807046762338767,0.6321124104435558,0.1155891766652671,0.327946736833595,0.8817834632324912,33,-60.82060271192196,"Product correspondence, not reference-based accuracy",overlap_with_published_v1_training_footprints
vn_mekong_adjacent_2024,Vietnam,pan,2024,2024,reference_year_mismatch,reference_coverage,prediction_agreement,30,41,8,3,3,0,0.1,0,0,0.073170731707317,0.375,0.1224489795918367,0.6492950590127813,0.6155800686257717,0.7839212957102316,0.6896260872735382,0.6321124104435558,0.1155891766652671,0.327946736833595,0.8817834632324912,33,-60.82060271192196,"Product correspondence, not reference-based accuracy",overlap_with_published_v1_training_footprints
vn_mekong_adjacent_2024,Vietnam,sr,2024,2024,reference_year_mismatch,whole_aoi,prediction_agreement,10,13,8,1,1,0,0.1,0,0,0.0769230769230769,0.125,0.0952380952380952,0.6974867585831636,0.2795218350910495,0.0882125917974333,0.1341040910745823,0.872964394132185,0.2244788091291066,0.2445465531457125,0.8844000103631486,5,-99.14029979194903,"Product correspondence, not reference-based accuracy",overlap_with_published_v1_training_footprints
vn_mekong_adjacent_2024,Vietnam,sr,2024,2024,reference_year_mismatch,whole_aoi,prediction_agreement,15,13,8,1,1,0,0.1,0,0,0.0769230769230769,0.125,0.0952380952380952,0.6974867585831636,0.347653072342126,0.1227034892606218,0.181386839308441,0.872964394132185,0.2244788091291066,0.2445465531457125,0.8844000103631486,5,-99.14029979194903,"Product correspondence, not reference-based accuracy",overlap_with_published_v1_training_footprints
vn_mekong_adjacent_2024,Vietnam,sr,2024,2024,reference_year_mismatch,whole_aoi,prediction_agreement,30,13,8,1,1,0,0.1,0,0,0.0769230769230769,0.125,0.0952380952380952,0.6974867585831636,0.6100304614196311,0.2466205444035136,0.3512423226620143,0.872964394132185,0.2244788091291066,0.2445465531457125,0.8844000103631486,5,-99.14029979194903,"Product correspondence, not reference-based accuracy",overlap_with_published_v1_training_footprints
vn_mekong_adjacent_2024,Vietnam,sr,2024,2024,reference_year_mismatch,reference_coverage,prediction_agreement,10,12,8,0,1,0,0.1,0,0,0.0,0.0,0.0,0.0,0.2633349630030882,0.115896181780828,0.1609546956320973,0.9930917495432416,0.1667519877279889,0.2414082966970031,0.9689418957283088,4,-106.25487652400268,"Product correspondence, not reference-based accuracy",overlap_with_published_v1_training_footprints
vn_mekong_adjacent_2024,Vietnam,sr,2024,2024,reference_year_mismatch,reference_coverage,prediction_agreement,15,12,8,0,1,0,0.1,0,0,0.0,0.0,0.0,0.0,0.3325748277362197,0.1582212073530648,0.2144287525472354,0.9930917495432416,0.1667519877279889,0.2414082966970031,0.9689418957283088,4,-106.25487652400268,"Product correspondence, not reference-based accuracy",overlap_with_published_v1_training_footprints
vn_mekong_adjacent_2024,Vietnam,sr,2024,2024,reference_year_mismatch,reference_coverage,prediction_agreement,30,12,8,0,1,0,0.1,0,0,0.0,0.0,0.0,0.0,0.6093982062753973,0.3178054495598152,0.4177508785420874,0.9930917495432416,0.1667519877279889,0.2414082966970031,0.9689418957283088,4,-106.25487652400268,"Product correspondence, not reference-based accuracy",overlap_with_published_v1_training_footprints
vn_mekong_adjacent_2024,Vietnam,combined,2024,2024,reference_year_mismatch,whole_aoi,prediction_agreement,10,39,8,3,4,2,0.1,0,0,0.0769230769230769,0.375,0.1276595744680851,0.6699213073943412,0.3203182727753298,0.2268913441544953,0.2656292624205145,0.4663190500977194,0.3301385428513125,0.3519530027619127,0.838880792055756,31,-59.447200569410505,"Product correspondence, not reference-based accuracy",overlap_with_published_v1_training_footprints
vn_mekong_adjacent_2024,Vietnam,combined,2024,2024,reference_year_mismatch,whole_aoi,prediction_agreement,15,39,8,3,4,2,0.1,0,0,0.0769230769230769,0.375,0.1276595744680851,0.6699213073943412,0.4204909753665067,0.3065023442157676,0.3545602585329487,0.4663190500977194,0.3301385428513125,0.3519530027619127,0.838880792055756,31,-59.447200569410505,"Product correspondence, not reference-based accuracy",overlap_with_published_v1_training_footprints
vn_mekong_adjacent_2024,Vietnam,combined,2024,2024,reference_year_mismatch,whole_aoi,prediction_agreement,30,39,8,3,4,2,0.1,0,0,0.0769230769230769,0.375,0.1276595744680851,0.6699213073943412,0.6127615371359234,0.4641177829331556,0.5281808662905593,0.4663190500977194,0.3301385428513125,0.3519530027619127,0.838880792055756,31,-59.447200569410505,"Product correspondence, not reference-based accuracy",overlap_with_published_v1_training_footprints
vn_mekong_adjacent_2024,Vietnam,combined,2024,2024,reference_year_mismatch,reference_coverage,prediction_agreement,10,36,8,3,3,2,0.1,0,0,0.0833333333333333,0.375,0.1363636363636363,0.6699213073943412,0.3209752702388004,0.3401627998414481,0.3302906050805488,0.528685032388882,0.275189558877596,0.3504149873825539,0.8464334103864546,28,-67.10212599130583,"Product correspondence, not reference-based accuracy",overlap_with_published_v1_training_footprints
vn_mekong_adjacent_2024,Vietnam,combined,2024,2024,reference_year_mismatch,reference_coverage,prediction_agreement,15,36,8,3,3,2,0.1,0,0,0.0833333333333333,0.375,0.1363636363636363,0.6699213073943412,0.4194028990130319,0.458654769722912,0.4381514948667732,0.528685032388882,0.275189558877596,0.3504149873825539,0.8464334103864546,28,-67.10212599130583,"Product correspondence, not reference-based accuracy",overlap_with_published_v1_training_footprints
vn_mekong_adjacent_2024,Vietnam,combined,2024,2024,reference_year_mismatch,reference_coverage,prediction_agreement,30,36,8,3,3,2,0.1,0,0,0.0833333333333333,0.375,0.1363636363636363,0.6699213073943412,0.607395177382906,0.6908428551939185,0.6464371063622992,0.528685032388882,0.275189558877596,0.3504149873825539,0.8464334103864546,28,-67.10212599130583,"Product correspondence, not reference-based accuracy",overlap_with_published_v1_training_footprints
vn_mekong_adjacent_2024,Vietnam,false_color,2024,2024,reference_year_mismatch,whole_aoi,prediction_agreement,10,16,8,0,1,0,0.1,0,0,0.0,0.0,0.0,0.0,0.2910541840446203,0.107426300068857,0.1569305165899652,0.8741170261309551,0.4082684553953656,0.3661950827955873,0.90152665173528,8,-93.37658303534292,"Product correspondence, not reference-based accuracy",overlap_with_published_v1_training_footprints
vn_mekong_adjacent_2024,Vietnam,false_color,2024,2024,reference_year_mismatch,whole_aoi,prediction_agreement,15,16,8,0,1,0,0.1,0,0,0.0,0.0,0.0,0.0,0.3827928854484642,0.1505686965843555,0.2161258994473028,0.8741170261309551,0.4082684553953656,0.3661950827955873,0.90152665173528,8,-93.37658303534292,"Product correspondence, not reference-based accuracy",overlap_with_published_v1_training_footprints
vn_mekong_adjacent_2024,Vietnam,false_color,2024,2024,reference_year_mismatch,whole_aoi,prediction_agreement,30,16,8,0,1,0,0.1,0,0,0.0,0.0,0.0,0.0,0.6443745663865038,0.2797395496298585,0.3901185965450706,0.8741170261309551,0.4082684553953656,0.3661950827955873,0.90152665173528,8,-93.37658303534292,"Product correspondence, not reference-based accuracy",overlap_with_published_v1_training_footprints
vn_mekong_adjacent_2024,Vietnam,false_color,2024,2024,reference_year_mismatch,reference_coverage,prediction_agreement,10,15,8,0,1,0,0.1,0,0,0.0,0.0,0.0,0.0,0.3181540786424477,0.1398142460142823,0.1942600403864364,0.8784743000859402,0.2491141882442289,0.3315593378587081,0.89622538868321,7,-94.99762507276506,"Product correspondence, not reference-based accuracy",overlap_with_published_v1_training_footprints
vn_mekong_adjacent_2024,Vietnam,false_color,2024,2024,reference_year_mismatch,reference_coverage,prediction_agreement,15,15,8,0,1,0,0.1,0,0,0.0,0.0,0.0,0.0,0.3949661245255064,0.190850788240979,0.2573486512644435,0.8784743000859402,0.2491141882442289,0.3315593378587081,0.89622538868321,7,-94.99762507276506,"Product correspondence, not reference-based accuracy",overlap_with_published_v1_training_footprints
vn_mekong_adjacent_2024,Vietnam,false_color,2024,2024,reference_year_mismatch,reference_coverage,prediction_agreement,30,15,8,0,1,0,0.1,0,0,0.0,0.0,0.0,0.0,0.6127673153149023,0.3580671005051179,0.4520066703522971,0.8784743000859402,0.2491141882442289,0.3315593378587081,0.89622538868321,7,-94.99762507276506,"Product correspondence, not reference-based accuracy",overlap_with_published_v1_training_footprints
vn_mekong_adjacent_2024,Vietnam,false_color_15m,2024,2024,reference_year_mismatch,whole_aoi,prediction_agreement,10,64,8,0,4,0,0.1,0,0,0.0,0.0,0.0,0.0,0.2453777292576216,0.1718678491998196,0.2021473431783514,0.7811411629369569,0.0743673241878171,0.3103333356294432,0.954656514565498,56,-116.6791123737944,"Product correspondence, not reference-based accuracy",overlap_with_published_v1_training_footprints
vn_mekong_adjacent_2024,Vietnam,false_color_15m,2024,2024,reference_year_mismatch,whole_aoi,prediction_agreement,15,64,8,0,4,0,0.1,0,0,0.0,0.0,0.0,0.0,0.3334825569333487,0.2384565592354746,0.2780754134253052,0.7811411629369569,0.0743673241878171,0.3103333356294432,0.954656514565498,56,-116.6791123737944,"Product correspondence, not reference-based accuracy",overlap_with_published_v1_training_footprints
vn_mekong_adjacent_2024,Vietnam,false_color_15m,2024,2024,reference_year_mismatch,whole_aoi,prediction_agreement,30,64,8,0,4,0,0.1,0,0,0.0,0.0,0.0,0.0,0.5266085646294953,0.4089452929714233,0.4603777580393106,0.7811411629369569,0.0743673241878171,0.3103333356294432,0.954656514565498,56,-116.6791123737944,"Product correspondence, not reference-based accuracy",overlap_with_published_v1_training_footprints
vn_mekong_adjacent_2024,Vietnam,false_color_15m,2024,2024,reference_year_mismatch,reference_coverage,prediction_agreement,10,58,8,0,3,0,0.1,0,0,0.0,0.0,0.0,0.0,0.2340333452991364,0.2715189249039998,0.2513863988061026,0.7811411629369569,0.0743673241878171,0.2819553620600365,0.9534511629000628,50,-118.6603898570234,"Product correspondence, not reference-based accuracy",overlap_with_published_v1_training_footprints
vn_mekong_adjacent_2024,Vietnam,false_color_15m,2024,2024,reference_year_mismatch,reference_coverage,prediction_agreement,15,58,8,0,3,0,0.1,0,0,0.0,0.0,0.0,0.0,0.323100690317214,0.37921505100359,0.3489161285991184,0.7811411629369569,0.0743673241878171,0.2819553620600365,0.9534511629000628,50,-118.6603898570234,"Product correspondence, not reference-based accuracy",overlap_with_published_v1_training_footprints
vn_mekong_adjacent_2024,Vietnam,false_color_15m,2024,2024,reference_year_mismatch,reference_coverage,prediction_agreement,30,58,8,0,3,0,0.1,0,0,0.0,0.0,0.0,0.0,0.5276968601564096,0.6573857105764471,0.585445071845682,0.7811411629369569,0.0743673241878171,0.2819553620600365,0.9534511629000628,50,-118.6603898570234,"Product correspondence, not reference-based accuracy",overlap_with_published_v1_training_footprints
vn_mekong_adjacent_2024,Vietnam,pan_nir_red,2024,2024,reference_year_mismatch,whole_aoi,prediction_agreement,10,57,8,2,5,1,0.1,0,0,0.0350877192982456,0.25,0.0615384615384615,0.652193764956227,0.2869864740227725,0.2366903208068185,0.2594230688635792,0.6178322656625533,0.0947806225846132,0.3260086395976808,0.908340192666168,49,-76.6933609389338,"Product correspondence, not reference-based accuracy",overlap_with_published_v1_training_footprints
vn_mekong_adjacent_2024,Vietnam,pan_nir_red,2024,2024,reference_year_mismatch,whole_aoi,prediction_agreement,15,57,8,2,5,1,0.1,0,0,0.0350877192982456,0.25,0.0615384615384615,0.652193764956227,0.3650441789721096,0.3184259012787208,0.3401451652516677,0.6178322656625533,0.0947806225846132,0.3260086395976808,0.908340192666168,49,-76.6933609389338,"Product correspondence, not reference-based accuracy",overlap_with_published_v1_training_footprints
vn_mekong_adjacent_2024,Vietnam,pan_nir_red,2024,2024,reference_year_mismatch,whole_aoi,prediction_agreement,30,57,8,2,5,1,0.1,0,0,0.0350877192982456,0.25,0.0615384615384615,0.652193764956227,0.5485338161201722,0.4943026301423116,0.5200081163292088,0.6178322656625533,0.0947806225846132,0.3260086395976808,0.908340192666168,49,-76.6933609389338,"Product correspondence, not reference-based accuracy",overlap_with_published_v1_training_footprints
vn_mekong_adjacent_2024,Vietnam,pan_nir_red,2024,2024,reference_year_mismatch,reference_coverage,prediction_agreement,10,53,8,2,3,0,0.1,0,0,0.0377358490566037,0.25,0.0655737704918032,0.652193764956227,0.2798252076436513,0.3760793833816436,0.3208896323801042,0.6178322656625533,0.0947806225846132,0.3220537509638745,0.9076662413961768,45,-79.66527770096857,"Product correspondence, not reference-based accuracy",overlap_with_published_v1_training_footprints
vn_mekong_adjacent_2024,Vietnam,pan_nir_red,2024,2024,reference_year_mismatch,reference_coverage,prediction_agreement,15,53,8,2,3,0,0.1,0,0,0.0377358490566037,0.25,0.0655737704918032,0.652193764956227,0.3538277233296453,0.505100510678634,0.4161431809315506,0.6178322656625533,0.0947806225846132,0.3220537509638745,0.9076662413961768,45,-79.66527770096857,"Product correspondence, not reference-based accuracy",overlap_with_published_v1_training_footprints
vn_mekong_adjacent_2024,Vietnam,pan_nir_red,2024,2024,reference_year_mismatch,reference_coverage,prediction_agreement,30,53,8,2,3,0,0.1,0,0,0.0377358490566037,0.25,0.0655737704918032,0.652193764956227,0.5361381693128325,0.7937291487098028,0.6399863910517778,0.6178322656625533,0.0947806225846132,0.3220537509638745,0.9076662413961768,45,-79.66527770096857,"Product correspondence, not reference-based accuracy",overlap_with_published_v1_training_footprints
vn_mekong_adjacent_2024,Vietnam,coarse_pan_nir_red,2024,2024,reference_year_mismatch,whole_aoi,prediction_agreement,10,53,8,1,3,1,0.1,0,0,0.0188679245283018,0.125,0.0327868852459016,0.5587329715569683,0.2654395602896891,0.1771739366800966,0.212505819045859,0.6699974190910376,0.2398805308441289,0.346522186834988,0.9197009767009188,45,-108.9566457520009,"Product correspondence, not reference-based accuracy",overlap_with_published_v1_training_footprints
vn_mekong_adjacent_2024,Vietnam,coarse_pan_nir_red,2024,2024,reference_year_mismatch,whole_aoi,prediction_agreement,15,53,8,1,3,1,0.1,0,0,0.0188679245283018,0.125,0.0327868852459016,0.5587329715569683,0.3343705017977641,0.2341641578989755,0.2754364598334103,0.6699974190910376,0.2398805308441289,0.346522186834988,0.9197009767009188,45,-108.9566457520009,"Product correspondence, not reference-based accuracy",overlap_with_published_v1_training_footprints
vn_mekong_adjacent_2024,Vietnam,coarse_pan_nir_red,2024,2024,reference_year_mismatch,whole_aoi,prediction_agreement,30,53,8,1,3,1,0.1,0,0,0.0188679245283018,0.125,0.0327868852459016,0.5587329715569683,0.5230060300075362,0.3889204738884307,0.4461055845356649,0.6699974190910376,0.2398805308441289,0.346522186834988,0.9197009767009188,45,-108.9566457520009,"Product correspondence, not reference-based accuracy",overlap_with_published_v1_training_footprints
vn_mekong_adjacent_2024,Vietnam,coarse_pan_nir_red,2024,2024,reference_year_mismatch,reference_coverage,prediction_agreement,10,49,8,1,2,1,0.1,0,0,0.0204081632653061,0.125,0.0350877192982456,0.5587329715569683,0.256606082003145,0.2910534202112834,0.27274639629932,0.6699974190910376,0.2398805308441289,0.3407001888108468,0.916391253888738,41,-111.90604522977002,"Product correspondence, not reference-based accuracy",overlap_with_published_v1_training_footprints
vn_mekong_adjacent_2024,Vietnam,coarse_pan_nir_red,2024,2024,reference_year_mismatch,reference_coverage,prediction_agreement,15,49,8,1,2,1,0.1,0,0,0.0204081632653061,0.125,0.0350877192982456,0.5587329715569683,0.3249302320172952,0.3869335882673048,0.3532316632153466,0.6699974190910376,0.2398805308441289,0.3407001888108468,0.916391253888738,41,-111.90604522977002,"Product correspondence, not reference-based accuracy",overlap_with_published_v1_training_footprints
vn_mekong_adjacent_2024,Vietnam,coarse_pan_nir_red,2024,2024,reference_year_mismatch,reference_coverage,prediction_agreement,30,49,8,1,2,1,0.1,0,0,0.0204081632653061,0.125,0.0350877192982456,0.5587329715569683,0.5147871723191627,0.6511841589920079,0.5750077087908521,0.6699974190910376,0.2398805308441289,0.3407001888108468,0.916391253888738,41,-111.90604522977002,"Product correspondence, not reference-based accuracy",overlap_with_published_v1_training_footprints
vn_mekong_adjacent_2024,Vietnam,hybrid,2024,2024,reference_year_mismatch,whole_aoi,prediction_agreement,10,60,8,1,6,1,0.1,0,0,0.0166666666666666,0.125,0.0294117647058823,0.6414908914830493,0.2936762075432262,0.2494989999370033,0.2697911063622826,0.5774968437831438,0.1666404708597514,0.3430261496741063,0.90343806318416,52,-78.62957770832107,"Product correspondence, not reference-based accuracy",overlap_with_published_v1_training_footprints
vn_mekong_adjacent_2024,Vietnam,hybrid,2024,2024,reference_year_mismatch,whole_aoi,prediction_agreement,15,60,8,1,6,1,0.1,0,0,0.0166666666666666,0.125,0.0294117647058823,0.6414908914830493,0.3747288191355927,0.3338198569738998,0.3530933724827435,0.5774968437831438,0.1666404708597514,0.3430261496741063,0.90343806318416,52,-78.62957770832107,"Product correspondence, not reference-based accuracy",overlap_with_published_v1_training_footprints
vn_mekong_adjacent_2024,Vietnam,hybrid,2024,2024,reference_year_mismatch,whole_aoi,prediction_agreement,30,60,8,1,6,1,0.1,0,0,0.0166666666666666,0.125,0.0294117647058823,0.6414908914830493,0.5438284820447444,0.4972823203417442,0.5195149042719198,0.5774968437831438,0.1666404708597514,0.3430261496741063,0.90343806318416,52,-78.62957770832107,"Product correspondence, not reference-based accuracy",overlap_with_published_v1_training_footprints
vn_mekong_adjacent_2024,Vietnam,hybrid,2024,2024,reference_year_mismatch,reference_coverage,prediction_agreement,10,58,8,1,5,1,0.1,0,0,0.0172413793103448,0.125,0.0303030303030303,0.6414908914830493,0.2821894724174972,0.3972475921449532,0.3299763710085376,0.5774968437831438,0.1666404708597514,0.3517797242375393,0.9029884214292068,50,-80.31816643269396,"Product correspondence, not reference-based accuracy",overlap_with_published_v1_training_footprints
vn_mekong_adjacent_2024,Vietnam,hybrid,2024,2024,reference_year_mismatch,reference_coverage,prediction_agreement,15,58,8,1,5,1,0.1,0,0,0.0172413793103448,0.125,0.0303030303030303,0.6414908914830493,0.3587835998390557,0.52765144734926,0.4271326733768855,0.5774968437831438,0.1666404708597514,0.3517797242375393,0.9029884214292068,50,-80.31816643269396,"Product correspondence, not reference-based accuracy",overlap_with_published_v1_training_footprints
vn_mekong_adjacent_2024,Vietnam,hybrid,2024,2024,reference_year_mismatch,reference_coverage,prediction_agreement,30,58,8,1,5,1,0.1,0,0,0.0172413793103448,0.125,0.0303030303030303,0.6414908914830493,0.5323518285822139,0.7966449049547756,0.6382188325695761,0.5774968437831438,0.1666404708597514,0.3517797242375393,0.9029884214292068,50,-80.31816643269396,"Product correspondence, not reference-based accuracy",overlap_with_published_v1_training_footprints
